<?xml version="1.0"?>
<CyPhy2CADSettings xmlns:xsi="http://www.w3.org/2001/XMLSchema-instance" xmlns:xsd="http://www.w3.org/2001/XMLSchema">
  <OutputDirectory />
  <AuxiliaryDirectory />
  <StepFormats>
    <string>AP203_E2_Single_File</string>
    <string>AP203_E2_Separate_Part_Files</string>
  </StepFormats>
  <OtherDataFormat>
    <STLAscii>false</STLAscii>
    <STLBinary>false</STLBinary>
    <Inventor>false</Inventor>
  </OtherDataFormat>
  <SpecialInstructions>
    <LeafAssembliesMetric>false</LeafAssembliesMetric>
  </SpecialInstructions>
  <PrepIFab>false</PrepIFab>
  <MetaLink>false</MetaLink>
</CyPhy2CADSettings>