<purchased><notes></notes><NSN></NSN><supplier><CAGEIdentifier><CAGECode><code></code></CAGECode></CAGEIdentifier><catalogNumber></catalogNumber><componentInfo></componentInfo><FOB>Origin</FOB><leadTime>28.0</leadTime><leadTimeBasis></leadTimeBasis><leadTimeUncertainty>0.0</leadTimeUncertainty><packaging>Each</packaging><partDescription></partDescription><paymentTerms></paymentTerms><price>1000.0</price><quantity>1</quantity><shipmentDimensions>{0.0,0.0,0.0}</shipmentDimensions><shippingMass>0.0</shippingMass><shippingPointAddress></shippingPointAddress><transportationNeeds/><unitOfIssue></unitOfIssue></supplier></purchased>