<plate><notes></notes><material><carbonSteel>1045</carbonSteel></material><planarFaces><generalTolerance unit="mm">0.254</generalTolerance><surfaceRoughness unit="mm">0.0015880000000000002</surfaceRoughness></planarFaces><bends><bendAngleTolerance unit="degrees">0.1</bendAngleTolerance></bends><simpleHoles><diametricalTolerance unit="mm">0.127</diametricalTolerance><positionalTolerance unit="mm">0.127</positionalTolerance><surfaceRoughness unit="mm">0.0015880000000000002</surfaceRoughness><threaded>false</threaded></simpleHoles><complexHoles><generalTolerance unit="mm">0.254</generalTolerance><surfaceRoughness unit="mm">0.0015880000000000002</surfaceRoughness></complexHoles><inorganicCoatings/><organicCoatings><organicCoating>non-CARC</organicCoating></organicCoatings></plate>