<?xml version="1.0"?>
<iFAB:hudatWelds xmlns:xsi="http://www.w3.org/2001/XMLSchema-instance" xmlns:iFAB="iFAB" xsi:schemaLocation="iFAB hudat.xsd">
	<hudatWeld>
		<name>WELD_524295</name>
		<componentClass>WELD_CLASSB</componentClass>
		<UUID>46e16f31-8e69-4fe2-8eff-95334a6b1437</UUID>
		<instanceID>Default_Instance_id</instanceID>
		<jointType>tee</jointType>
		<grooveConfiguration>square</grooveConfiguration>
		<weldJointConfiguration>Default_WeldJointConfig</weldJointConfiguration>
		<weldPenetration>partial</weldPenetration>
		<doubleSided>false</doubleSided>
		<materialWeldCompatible>true</materialWeldCompatible>
		<weldProcess>GMAW</weldProcess>
		<inspectionReqt>VISUAL</inspectionReqt>
		<weldLength unit="mm">101.675741</weldLength>
		<jointStrengthReqt unit="Pa">0.000000</jointStrengthReqt>
		<jointElongationReqt>0</jointElongationReqt>
		<fillerMaterialSpec>STEEL_FILLER_WELD_100KSI</fillerMaterialSpec>
		<weldSide1>
			<incAngle unit="degrees">90.000000</incAngle>
			<leg1Length unit="mm">6.350000</leg1Length>
			<leg2Length unit="mm">6.350000</leg2Length>
			<weldArea unit="mm2">20.161250</weldArea>
			<weldVolume unit="mm3">2049.910033</weldVolume>
		</weldSide1>
		<weldSide2>
			<incAngle unit="degrees">0.000000</incAngle>
			<leg1Length unit="mm">0.000000</leg1Length>
			<leg2Length unit="mm">0.000000</leg2Length>
			<weldArea unit="mm2">0.000000</weldArea>
			<weldVolume unit="mm3">0.000000</weldVolume>
		</weldSide2>
		<part1>
			<id></id>
			<stockNumber></stockNumber>
			<creoName>BUCKET_SIDE</creoName>
			<stepName></stepName>
			<thickness unit="mm">3.175000</thickness>
			<material id="UNKNOWN">STEEL_MED_CARBON_1045_FORGED</material>
			<component_class></component_class>
		</part1>
		<part2>
			<id></id>
			<stockNumber></stockNumber>
			<creoName>BUCKET_SCOOP_2</creoName>
			<stepName></stepName>
			<thickness unit="mm">3.175000</thickness>
			<material id="UNKNOWN">STEEL_MED_CARBON_1045_FORGED</material>
			<component_class></component_class>
		</part2>
	</hudatWeld>
	<hudatWeld>
		<name>WELD_524296</name>
		<componentClass>WELD_CLASSB</componentClass>
		<UUID>2053bf37-2efd-4956-921d-212fc56391fe</UUID>
		<instanceID>Default_Instance_id</instanceID>
		<jointType>tee</jointType>
		<grooveConfiguration>square</grooveConfiguration>
		<weldJointConfiguration>Default_WeldJointConfig</weldJointConfiguration>
		<weldPenetration>partial</weldPenetration>
		<doubleSided>false</doubleSided>
		<materialWeldCompatible>true</materialWeldCompatible>
		<weldProcess>GMAW</weldProcess>
		<inspectionReqt>VISUAL</inspectionReqt>
		<weldLength unit="mm">1353.008000</weldLength>
		<jointStrengthReqt unit="Pa">0.000000</jointStrengthReqt>
		<jointElongationReqt>0</jointElongationReqt>
		<fillerMaterialSpec>STEEL_FILLER_WELD_100KSI</fillerMaterialSpec>
		<weldSide1>
			<incAngle unit="degrees">90.000000</incAngle>
			<leg1Length unit="mm">6.350000</leg1Length>
			<leg2Length unit="mm">6.350000</leg2Length>
			<weldArea unit="mm2">20.161250</weldArea>
			<weldVolume unit="mm3">27278.332540</weldVolume>
		</weldSide1>
		<weldSide2>
			<incAngle unit="degrees">0.000000</incAngle>
			<leg1Length unit="mm">0.000000</leg1Length>
			<leg2Length unit="mm">0.000000</leg2Length>
			<weldArea unit="mm2">0.000000</weldArea>
			<weldVolume unit="mm3">0.000000</weldVolume>
		</weldSide2>
		<part1>
			<id></id>
			<stockNumber></stockNumber>
			<creoName>BUCKET_SIDE</creoName>
			<stepName></stepName>
			<thickness unit="mm">3.175000</thickness>
			<material id="UNKNOWN">STEEL_MED_CARBON_1045_FORGED</material>
			<component_class></component_class>
		</part1>
		<part2>
			<id></id>
			<stockNumber></stockNumber>
			<creoName>BUCKET_SCOOP_2</creoName>
			<stepName></stepName>
			<thickness unit="mm">3.175000</thickness>
			<material id="UNKNOWN">STEEL_MED_CARBON_1045_FORGED</material>
			<component_class></component_class>
		</part2>
	</hudatWeld>
	<hudatWeld>
		<name>WELD_524297</name>
		<componentClass>WELD_CLASSB</componentClass>
		<UUID>9d4d2843-18e6-4418-b3ae-0475576c5b4f</UUID>
		<instanceID>Default_Instance_id</instanceID>
		<jointType>tee</jointType>
		<grooveConfiguration>square</grooveConfiguration>
		<weldJointConfiguration>Default_WeldJointConfig</weldJointConfiguration>
		<weldPenetration>partial</weldPenetration>
		<doubleSided>false</doubleSided>
		<materialWeldCompatible>true</materialWeldCompatible>
		<weldProcess>GMAW</weldProcess>
		<inspectionReqt>VISUAL</inspectionReqt>
		<weldLength unit="mm">1597.712401</weldLength>
		<jointStrengthReqt unit="Pa">0.000000</jointStrengthReqt>
		<jointElongationReqt>0</jointElongationReqt>
		<fillerMaterialSpec>STEEL_FILLER_WELD_100KSI</fillerMaterialSpec>
		<weldSide1>
			<incAngle unit="degrees">90.000000</incAngle>
			<leg1Length unit="mm">6.350000</leg1Length>
			<leg2Length unit="mm">6.350000</leg2Length>
			<weldArea unit="mm2">20.161250</weldArea>
			<weldVolume unit="mm3">32128.845015</weldVolume>
		</weldSide1>
		<weldSide2>
			<incAngle unit="degrees">0.000000</incAngle>
			<leg1Length unit="mm">0.000000</leg1Length>
			<leg2Length unit="mm">0.000000</leg2Length>
			<weldArea unit="mm2">0.000000</weldArea>
			<weldVolume unit="mm3">0.000000</weldVolume>
		</weldSide2>
		<part1>
			<id></id>
			<stockNumber></stockNumber>
			<creoName>BUCKET_SIDE</creoName>
			<stepName></stepName>
			<thickness unit="mm">3.175000</thickness>
			<material id="UNKNOWN">STEEL_MED_CARBON_1045_FORGED</material>
			<component_class></component_class>
		</part1>
		<part2>
			<id></id>
			<stockNumber></stockNumber>
			<creoName>BUCKET_SCOOP</creoName>
			<stepName></stepName>
			<thickness unit="mm">3.175000</thickness>
			<material id="UNKNOWN">STEEL_MED_CARBON_1045_FORGED</material>
			<component_class></component_class>
		</part2>
	</hudatWeld>
	<hudatWeld>
		<name>WELD_524298</name>
		<componentClass>WELD_CLASSB</componentClass>
		<UUID>7df25f22-391e-40df-a32f-c458f0725a6b</UUID>
		<instanceID>Default_Instance_id</instanceID>
		<jointType>tee</jointType>
		<grooveConfiguration>square</grooveConfiguration>
		<weldJointConfiguration>Default_WeldJointConfig</weldJointConfiguration>
		<weldPenetration>partial</weldPenetration>
		<doubleSided>false</doubleSided>
		<materialWeldCompatible>true</materialWeldCompatible>
		<weldProcess>GMAW</weldProcess>
		<inspectionReqt>VISUAL</inspectionReqt>
		<weldLength unit="mm">609.797919</weldLength>
		<jointStrengthReqt unit="Pa">0.000000</jointStrengthReqt>
		<jointElongationReqt>0</jointElongationReqt>
		<fillerMaterialSpec>STEEL_FILLER_WELD_100KSI</fillerMaterialSpec>
		<weldSide1>
			<incAngle unit="degrees">90.000000</incAngle>
			<leg1Length unit="mm">6.350000</leg1Length>
			<leg2Length unit="mm">6.350000</leg2Length>
			<weldArea unit="mm2">20.161250</weldArea>
			<weldVolume unit="mm3">12294.288297</weldVolume>
		</weldSide1>
		<weldSide2>
			<incAngle unit="degrees">0.000000</incAngle>
			<leg1Length unit="mm">0.000000</leg1Length>
			<leg2Length unit="mm">0.000000</leg2Length>
			<weldArea unit="mm2">0.000000</weldArea>
			<weldVolume unit="mm3">0.000000</weldVolume>
		</weldSide2>
		<part1>
			<id></id>
			<stockNumber></stockNumber>
			<creoName>BUCKET_SIDE</creoName>
			<stepName></stepName>
			<thickness unit="mm">3.175000</thickness>
			<material id="UNKNOWN">STEEL_MED_CARBON_1045_FORGED</material>
			<component_class></component_class>
		</part1>
		<part2>
			<id></id>
			<stockNumber></stockNumber>
			<creoName>BUCKET_BACK_2</creoName>
			<stepName></stepName>
			<thickness unit="mm">3.175000</thickness>
			<material id="UNKNOWN">STEEL_MED_CARBON_1045_FORGED</material>
			<component_class></component_class>
		</part2>
	</hudatWeld>
	<hudatWeld>
		<name>WELD_524299</name>
		<componentClass>WELD_CLASSB</componentClass>
		<UUID>f92806cb-79be-4c20-addf-012de10a9eae</UUID>
		<instanceID>Default_Instance_id</instanceID>
		<jointType>tee</jointType>
		<grooveConfiguration>square</grooveConfiguration>
		<weldJointConfiguration>Default_WeldJointConfig</weldJointConfiguration>
		<weldPenetration>partial</weldPenetration>
		<doubleSided>false</doubleSided>
		<materialWeldCompatible>true</materialWeldCompatible>
		<weldProcess>GMAW</weldProcess>
		<inspectionReqt>VISUAL</inspectionReqt>
		<weldLength unit="mm">238.765776</weldLength>
		<jointStrengthReqt unit="Pa">0.000000</jointStrengthReqt>
		<jointElongationReqt>0</jointElongationReqt>
		<fillerMaterialSpec>STEEL_FILLER_WELD_100KSI</fillerMaterialSpec>
		<weldSide1>
			<incAngle unit="degrees">90.000000</incAngle>
			<leg1Length unit="mm">6.350000</leg1Length>
			<leg2Length unit="mm">6.350000</leg2Length>
			<weldArea unit="mm2">20.161250</weldArea>
			<weldVolume unit="mm3">4813.816495</weldVolume>
		</weldSide1>
		<weldSide2>
			<incAngle unit="degrees">0.000000</incAngle>
			<leg1Length unit="mm">0.000000</leg1Length>
			<leg2Length unit="mm">0.000000</leg2Length>
			<weldArea unit="mm2">0.000000</weldArea>
			<weldVolume unit="mm3">0.000000</weldVolume>
		</weldSide2>
		<part1>
			<id></id>
			<stockNumber></stockNumber>
			<creoName>BUCKET_SIDE</creoName>
			<stepName></stepName>
			<thickness unit="mm">3.175000</thickness>
			<material id="UNKNOWN">STEEL_MED_CARBON_1045_FORGED</material>
			<component_class></component_class>
		</part1>
		<part2>
			<id></id>
			<stockNumber></stockNumber>
			<creoName>BUCKET_BACK_3</creoName>
			<stepName></stepName>
			<thickness unit="mm">3.175000</thickness>
			<material id="UNKNOWN">STEEL_MED_CARBON_1045_FORGED</material>
			<component_class></component_class>
		</part2>
	</hudatWeld>
	<hudatWeld>
		<name>WELD_524300</name>
		<componentClass>WELD_CLASSB</componentClass>
		<UUID>d414ae19-95e8-4329-a442-012209a046fb</UUID>
		<instanceID>Default_Instance_id</instanceID>
		<jointType>tee</jointType>
		<grooveConfiguration>square</grooveConfiguration>
		<weldJointConfiguration>Default_WeldJointConfig</weldJointConfiguration>
		<weldPenetration>partial</weldPenetration>
		<doubleSided>false</doubleSided>
		<materialWeldCompatible>true</materialWeldCompatible>
		<weldProcess>GMAW</weldProcess>
		<inspectionReqt>VISUAL</inspectionReqt>
		<weldLength unit="mm">328.034359</weldLength>
		<jointStrengthReqt unit="Pa">0.000000</jointStrengthReqt>
		<jointElongationReqt>0</jointElongationReqt>
		<fillerMaterialSpec>STEEL_FILLER_WELD_100KSI</fillerMaterialSpec>
		<weldSide1>
			<incAngle unit="degrees">90.000000</incAngle>
			<leg1Length unit="mm">6.350000</leg1Length>
			<leg2Length unit="mm">6.350000</leg2Length>
			<weldArea unit="mm2">20.161250</weldArea>
			<weldVolume unit="mm3">6554.223227</weldVolume>
		</weldSide1>
		<weldSide2>
			<incAngle unit="degrees">0.000000</incAngle>
			<leg1Length unit="mm">0.000000</leg1Length>
			<leg2Length unit="mm">0.000000</leg2Length>
			<weldArea unit="mm2">0.000000</weldArea>
			<weldVolume unit="mm3">0.000000</weldVolume>
		</weldSide2>
		<part1>
			<id></id>
			<stockNumber></stockNumber>
			<creoName>BUCKET_SIDE</creoName>
			<stepName></stepName>
			<thickness unit="mm">3.175000</thickness>
			<material id="UNKNOWN">STEEL_MED_CARBON_1045_FORGED</material>
			<component_class></component_class>
		</part1>
		<part2>
			<id></id>
			<stockNumber></stockNumber>
			<creoName>BUCKET_BACK_3</creoName>
			<stepName></stepName>
			<thickness unit="mm">3.175000</thickness>
			<material id="UNKNOWN">STEEL_MED_CARBON_1045_FORGED</material>
			<component_class></component_class>
		</part2>
	</hudatWeld>
	<hudatWeld>
		<name>WELD_524301</name>
		<componentClass>WELD_CLASSB</componentClass>
		<UUID>c2fdab01-8bc5-490f-a5b9-bdca3dd2626a</UUID>
		<instanceID>Default_Instance_id</instanceID>
		<jointType>tee</jointType>
		<grooveConfiguration>square</grooveConfiguration>
		<weldJointConfiguration>Default_WeldJointConfig</weldJointConfiguration>
		<weldPenetration>partial</weldPenetration>
		<doubleSided>false</doubleSided>
		<materialWeldCompatible>true</materialWeldCompatible>
		<weldProcess>GMAW</weldProcess>
		<inspectionReqt>VISUAL</inspectionReqt>
		<weldLength unit="mm">226.966022</weldLength>
		<jointStrengthReqt unit="Pa">0.000000</jointStrengthReqt>
		<jointElongationReqt>0</jointElongationReqt>
		<fillerMaterialSpec>STEEL_FILLER_WELD_100KSI</fillerMaterialSpec>
		<weldSide1>
			<incAngle unit="degrees">90.000000</incAngle>
			<leg1Length unit="mm">6.350000</leg1Length>
			<leg2Length unit="mm">6.350000</leg2Length>
			<weldArea unit="mm2">20.161250</weldArea>
			<weldVolume unit="mm3">4575.918721</weldVolume>
		</weldSide1>
		<weldSide2>
			<incAngle unit="degrees">0.000000</incAngle>
			<leg1Length unit="mm">0.000000</leg1Length>
			<leg2Length unit="mm">0.000000</leg2Length>
			<weldArea unit="mm2">0.000000</weldArea>
			<weldVolume unit="mm3">0.000000</weldVolume>
		</weldSide2>
		<part1>
			<id></id>
			<stockNumber></stockNumber>
			<creoName>BUCKET_SIDE</creoName>
			<stepName></stepName>
			<thickness unit="mm">3.175000</thickness>
			<material id="UNKNOWN">STEEL_MED_CARBON_1045_FORGED</material>
			<component_class></component_class>
		</part1>
		<part2>
			<id></id>
			<stockNumber></stockNumber>
			<creoName>BUCKET_BACK_3</creoName>
			<stepName></stepName>
			<thickness unit="mm">3.175000</thickness>
			<material id="UNKNOWN">STEEL_MED_CARBON_1045_FORGED</material>
			<component_class></component_class>
		</part2>
	</hudatWeld>
	<hudatWeld>
		<name>WELD_524302</name>
		<componentClass>WELD_CLASSB</componentClass>
		<UUID>f6ec4e77-da0a-4c9a-9ef9-9eaf3f784b4a</UUID>
		<instanceID>Default_Instance_id</instanceID>
		<jointType>tee</jointType>
		<grooveConfiguration>square</grooveConfiguration>
		<weldJointConfiguration>Default_WeldJointConfig</weldJointConfiguration>
		<weldPenetration>partial</weldPenetration>
		<doubleSided>false</doubleSided>
		<materialWeldCompatible>true</materialWeldCompatible>
		<weldProcess>GMAW</weldProcess>
		<inspectionReqt>VISUAL</inspectionReqt>
		<weldLength unit="mm">101.675741</weldLength>
		<jointStrengthReqt unit="Pa">0.000000</jointStrengthReqt>
		<jointElongationReqt>0</jointElongationReqt>
		<fillerMaterialSpec>STEEL_FILLER_WELD_100KSI</fillerMaterialSpec>
		<weldSide1>
			<incAngle unit="degrees">90.000000</incAngle>
			<leg1Length unit="mm">6.350000</leg1Length>
			<leg2Length unit="mm">6.350000</leg2Length>
			<weldArea unit="mm2">20.161250</weldArea>
			<weldVolume unit="mm3">2049.910033</weldVolume>
		</weldSide1>
		<weldSide2>
			<incAngle unit="degrees">0.000000</incAngle>
			<leg1Length unit="mm">0.000000</leg1Length>
			<leg2Length unit="mm">0.000000</leg2Length>
			<weldArea unit="mm2">0.000000</weldArea>
			<weldVolume unit="mm3">0.000000</weldVolume>
		</weldSide2>
		<part1>
			<id></id>
			<stockNumber></stockNumber>
			<creoName>BUCKET_SIDE</creoName>
			<stepName></stepName>
			<thickness unit="mm">3.175000</thickness>
			<material id="UNKNOWN">STEEL_MED_CARBON_1045_FORGED</material>
			<component_class></component_class>
		</part1>
		<part2>
			<id></id>
			<stockNumber></stockNumber>
			<creoName>BUCKET_SCOOP_2</creoName>
			<stepName></stepName>
			<thickness unit="mm">3.175000</thickness>
			<material id="UNKNOWN">STEEL_MED_CARBON_1045_FORGED</material>
			<component_class></component_class>
		</part2>
	</hudatWeld>
	<hudatWeld>
		<name>WELD_524303</name>
		<componentClass>WELD_CLASSB</componentClass>
		<UUID>9429c103-d329-4894-bdef-a3b67299b5e2</UUID>
		<instanceID>Default_Instance_id</instanceID>
		<jointType>tee</jointType>
		<grooveConfiguration>square</grooveConfiguration>
		<weldJointConfiguration>Default_WeldJointConfig</weldJointConfiguration>
		<weldPenetration>partial</weldPenetration>
		<doubleSided>false</doubleSided>
		<materialWeldCompatible>true</materialWeldCompatible>
		<weldProcess>GMAW</weldProcess>
		<inspectionReqt>VISUAL</inspectionReqt>
		<weldLength unit="mm">1353.008000</weldLength>
		<jointStrengthReqt unit="Pa">0.000000</jointStrengthReqt>
		<jointElongationReqt>0</jointElongationReqt>
		<fillerMaterialSpec>STEEL_FILLER_WELD_100KSI</fillerMaterialSpec>
		<weldSide1>
			<incAngle unit="degrees">90.000000</incAngle>
			<leg1Length unit="mm">6.350000</leg1Length>
			<leg2Length unit="mm">6.350000</leg2Length>
			<weldArea unit="mm2">20.161250</weldArea>
			<weldVolume unit="mm3">27278.332540</weldVolume>
		</weldSide1>
		<weldSide2>
			<incAngle unit="degrees">0.000000</incAngle>
			<leg1Length unit="mm">0.000000</leg1Length>
			<leg2Length unit="mm">0.000000</leg2Length>
			<weldArea unit="mm2">0.000000</weldArea>
			<weldVolume unit="mm3">0.000000</weldVolume>
		</weldSide2>
		<part1>
			<id></id>
			<stockNumber></stockNumber>
			<creoName>BUCKET_SIDE</creoName>
			<stepName></stepName>
			<thickness unit="mm">3.175000</thickness>
			<material id="UNKNOWN">STEEL_MED_CARBON_1045_FORGED</material>
			<component_class></component_class>
		</part1>
		<part2>
			<id></id>
			<stockNumber></stockNumber>
			<creoName>BUCKET_SCOOP_2</creoName>
			<stepName></stepName>
			<thickness unit="mm">3.175000</thickness>
			<material id="UNKNOWN">STEEL_MED_CARBON_1045_FORGED</material>
			<component_class></component_class>
		</part2>
	</hudatWeld>
	<hudatWeld>
		<name>WELD_524304</name>
		<componentClass>WELD_CLASSB</componentClass>
		<UUID>e27e6081-c4b4-4324-9c3b-9176359ecbaa</UUID>
		<instanceID>Default_Instance_id</instanceID>
		<jointType>tee</jointType>
		<grooveConfiguration>square</grooveConfiguration>
		<weldJointConfiguration>Default_WeldJointConfig</weldJointConfiguration>
		<weldPenetration>partial</weldPenetration>
		<doubleSided>false</doubleSided>
		<materialWeldCompatible>true</materialWeldCompatible>
		<weldProcess>GMAW</weldProcess>
		<inspectionReqt>VISUAL</inspectionReqt>
		<weldLength unit="mm">1597.712401</weldLength>
		<jointStrengthReqt unit="Pa">0.000000</jointStrengthReqt>
		<jointElongationReqt>0</jointElongationReqt>
		<fillerMaterialSpec>STEEL_FILLER_WELD_100KSI</fillerMaterialSpec>
		<weldSide1>
			<incAngle unit="degrees">90.000000</incAngle>
			<leg1Length unit="mm">6.350000</leg1Length>
			<leg2Length unit="mm">6.350000</leg2Length>
			<weldArea unit="mm2">20.161250</weldArea>
			<weldVolume unit="mm3">32128.845015</weldVolume>
		</weldSide1>
		<weldSide2>
			<incAngle unit="degrees">0.000000</incAngle>
			<leg1Length unit="mm">0.000000</leg1Length>
			<leg2Length unit="mm">0.000000</leg2Length>
			<weldArea unit="mm2">0.000000</weldArea>
			<weldVolume unit="mm3">0.000000</weldVolume>
		</weldSide2>
		<part1>
			<id></id>
			<stockNumber></stockNumber>
			<creoName>BUCKET_SIDE</creoName>
			<stepName></stepName>
			<thickness unit="mm">3.175000</thickness>
			<material id="UNKNOWN">STEEL_MED_CARBON_1045_FORGED</material>
			<component_class></component_class>
		</part1>
		<part2>
			<id></id>
			<stockNumber></stockNumber>
			<creoName>BUCKET_SCOOP</creoName>
			<stepName></stepName>
			<thickness unit="mm">3.175000</thickness>
			<material id="UNKNOWN">STEEL_MED_CARBON_1045_FORGED</material>
			<component_class></component_class>
		</part2>
	</hudatWeld>
	<hudatWeld>
		<name>WELD_524305</name>
		<componentClass>WELD_CLASSB</componentClass>
		<UUID>4394df40-104e-40ba-b7ab-62e2b47d4298</UUID>
		<instanceID>Default_Instance_id</instanceID>
		<jointType>tee</jointType>
		<grooveConfiguration>square</grooveConfiguration>
		<weldJointConfiguration>Default_WeldJointConfig</weldJointConfiguration>
		<weldPenetration>partial</weldPenetration>
		<doubleSided>false</doubleSided>
		<materialWeldCompatible>true</materialWeldCompatible>
		<weldProcess>GMAW</weldProcess>
		<inspectionReqt>VISUAL</inspectionReqt>
		<weldLength unit="mm">609.797919</weldLength>
		<jointStrengthReqt unit="Pa">0.000000</jointStrengthReqt>
		<jointElongationReqt>0</jointElongationReqt>
		<fillerMaterialSpec>STEEL_FILLER_WELD_100KSI</fillerMaterialSpec>
		<weldSide1>
			<incAngle unit="degrees">90.000000</incAngle>
			<leg1Length unit="mm">6.350000</leg1Length>
			<leg2Length unit="mm">6.350000</leg2Length>
			<weldArea unit="mm2">20.161250</weldArea>
			<weldVolume unit="mm3">12294.288297</weldVolume>
		</weldSide1>
		<weldSide2>
			<incAngle unit="degrees">0.000000</incAngle>
			<leg1Length unit="mm">0.000000</leg1Length>
			<leg2Length unit="mm">0.000000</leg2Length>
			<weldArea unit="mm2">0.000000</weldArea>
			<weldVolume unit="mm3">0.000000</weldVolume>
		</weldSide2>
		<part1>
			<id></id>
			<stockNumber></stockNumber>
			<creoName>BUCKET_SIDE</creoName>
			<stepName></stepName>
			<thickness unit="mm">3.175000</thickness>
			<material id="UNKNOWN">STEEL_MED_CARBON_1045_FORGED</material>
			<component_class></component_class>
		</part1>
		<part2>
			<id></id>
			<stockNumber></stockNumber>
			<creoName>BUCKET_BACK_2</creoName>
			<stepName></stepName>
			<thickness unit="mm">3.175000</thickness>
			<material id="UNKNOWN">STEEL_MED_CARBON_1045_FORGED</material>
			<component_class></component_class>
		</part2>
	</hudatWeld>
	<hudatWeld>
		<name>WELD_524306</name>
		<componentClass>WELD_CLASSB</componentClass>
		<UUID>ec3e00a7-0292-4c83-825a-677e60ba9735</UUID>
		<instanceID>Default_Instance_id</instanceID>
		<jointType>tee</jointType>
		<grooveConfiguration>square</grooveConfiguration>
		<weldJointConfiguration>Default_WeldJointConfig</weldJointConfiguration>
		<weldPenetration>partial</weldPenetration>
		<doubleSided>false</doubleSided>
		<materialWeldCompatible>true</materialWeldCompatible>
		<weldProcess>GMAW</weldProcess>
		<inspectionReqt>VISUAL</inspectionReqt>
		<weldLength unit="mm">238.765776</weldLength>
		<jointStrengthReqt unit="Pa">0.000000</jointStrengthReqt>
		<jointElongationReqt>0</jointElongationReqt>
		<fillerMaterialSpec>STEEL_FILLER_WELD_100KSI</fillerMaterialSpec>
		<weldSide1>
			<incAngle unit="degrees">90.000000</incAngle>
			<leg1Length unit="mm">6.350000</leg1Length>
			<leg2Length unit="mm">6.350000</leg2Length>
			<weldArea unit="mm2">20.161250</weldArea>
			<weldVolume unit="mm3">4813.816495</weldVolume>
		</weldSide1>
		<weldSide2>
			<incAngle unit="degrees">0.000000</incAngle>
			<leg1Length unit="mm">0.000000</leg1Length>
			<leg2Length unit="mm">0.000000</leg2Length>
			<weldArea unit="mm2">0.000000</weldArea>
			<weldVolume unit="mm3">0.000000</weldVolume>
		</weldSide2>
		<part1>
			<id></id>
			<stockNumber></stockNumber>
			<creoName>BUCKET_SIDE</creoName>
			<stepName></stepName>
			<thickness unit="mm">3.175000</thickness>
			<material id="UNKNOWN">STEEL_MED_CARBON_1045_FORGED</material>
			<component_class></component_class>
		</part1>
		<part2>
			<id></id>
			<stockNumber></stockNumber>
			<creoName>BUCKET_BACK_3</creoName>
			<stepName></stepName>
			<thickness unit="mm">3.175000</thickness>
			<material id="UNKNOWN">STEEL_MED_CARBON_1045_FORGED</material>
			<component_class></component_class>
		</part2>
	</hudatWeld>
	<hudatWeld>
		<name>WELD_524307</name>
		<componentClass>WELD_CLASSB</componentClass>
		<UUID>9e9b2244-cdea-4220-8a9e-66b3058c90a4</UUID>
		<instanceID>Default_Instance_id</instanceID>
		<jointType>tee</jointType>
		<grooveConfiguration>square</grooveConfiguration>
		<weldJointConfiguration>Default_WeldJointConfig</weldJointConfiguration>
		<weldPenetration>partial</weldPenetration>
		<doubleSided>false</doubleSided>
		<materialWeldCompatible>true</materialWeldCompatible>
		<weldProcess>GMAW</weldProcess>
		<inspectionReqt>VISUAL</inspectionReqt>
		<weldLength unit="mm">328.034359</weldLength>
		<jointStrengthReqt unit="Pa">0.000000</jointStrengthReqt>
		<jointElongationReqt>0</jointElongationReqt>
		<fillerMaterialSpec>STEEL_FILLER_WELD_100KSI</fillerMaterialSpec>
		<weldSide1>
			<incAngle unit="degrees">90.000000</incAngle>
			<leg1Length unit="mm">6.350000</leg1Length>
			<leg2Length unit="mm">6.350000</leg2Length>
			<weldArea unit="mm2">20.161250</weldArea>
			<weldVolume unit="mm3">6554.223227</weldVolume>
		</weldSide1>
		<weldSide2>
			<incAngle unit="degrees">0.000000</incAngle>
			<leg1Length unit="mm">0.000000</leg1Length>
			<leg2Length unit="mm">0.000000</leg2Length>
			<weldArea unit="mm2">0.000000</weldArea>
			<weldVolume unit="mm3">0.000000</weldVolume>
		</weldSide2>
		<part1>
			<id></id>
			<stockNumber></stockNumber>
			<creoName>BUCKET_SIDE</creoName>
			<stepName></stepName>
			<thickness unit="mm">3.175000</thickness>
			<material id="UNKNOWN">STEEL_MED_CARBON_1045_FORGED</material>
			<component_class></component_class>
		</part1>
		<part2>
			<id></id>
			<stockNumber></stockNumber>
			<creoName>BUCKET_BACK_3</creoName>
			<stepName></stepName>
			<thickness unit="mm">3.175000</thickness>
			<material id="UNKNOWN">STEEL_MED_CARBON_1045_FORGED</material>
			<component_class></component_class>
		</part2>
	</hudatWeld>
	<hudatWeld>
		<name>WELD_524308</name>
		<componentClass>WELD_CLASSB</componentClass>
		<UUID>302c8885-6b36-476e-9fe6-937e16f07335</UUID>
		<instanceID>Default_Instance_id</instanceID>
		<jointType>tee</jointType>
		<grooveConfiguration>square</grooveConfiguration>
		<weldJointConfiguration>Default_WeldJointConfig</weldJointConfiguration>
		<weldPenetration>partial</weldPenetration>
		<doubleSided>false</doubleSided>
		<materialWeldCompatible>true</materialWeldCompatible>
		<weldProcess>GMAW</weldProcess>
		<inspectionReqt>VISUAL</inspectionReqt>
		<weldLength unit="mm">226.966022</weldLength>
		<jointStrengthReqt unit="Pa">0.000000</jointStrengthReqt>
		<jointElongationReqt>0</jointElongationReqt>
		<fillerMaterialSpec>STEEL_FILLER_WELD_100KSI</fillerMaterialSpec>
		<weldSide1>
			<incAngle unit="degrees">90.000000</incAngle>
			<leg1Length unit="mm">6.350000</leg1Length>
			<leg2Length unit="mm">6.350000</leg2Length>
			<weldArea unit="mm2">20.161250</weldArea>
			<weldVolume unit="mm3">4575.918721</weldVolume>
		</weldSide1>
		<weldSide2>
			<incAngle unit="degrees">0.000000</incAngle>
			<leg1Length unit="mm">0.000000</leg1Length>
			<leg2Length unit="mm">0.000000</leg2Length>
			<weldArea unit="mm2">0.000000</weldArea>
			<weldVolume unit="mm3">0.000000</weldVolume>
		</weldSide2>
		<part1>
			<id></id>
			<stockNumber></stockNumber>
			<creoName>BUCKET_BACK_3</creoName>
			<stepName></stepName>
			<thickness unit="mm">3.175000</thickness>
			<material id="UNKNOWN">STEEL_MED_CARBON_1045_FORGED</material>
			<component_class></component_class>
		</part1>
		<part2>
			<id></id>
			<stockNumber></stockNumber>
			<creoName>BUCKET_SIDE</creoName>
			<stepName></stepName>
			<thickness unit="mm">3.175000</thickness>
			<material id="UNKNOWN">STEEL_MED_CARBON_1045_FORGED</material>
			<component_class></component_class>
		</part2>
	</hudatWeld>
	<hudatWeld>
		<name>WELD_2621461</name>
		<componentClass>WELD_CLASSB</componentClass>
		<UUID>db8284b8-193f-40bb-b295-1194fceb9b36</UUID>
		<instanceID>Default_Instance_id</instanceID>
		<jointType>tee</jointType>
		<grooveConfiguration>square</grooveConfiguration>
		<weldJointConfiguration>Default_WeldJointConfig</weldJointConfiguration>
		<weldPenetration>partial</weldPenetration>
		<doubleSided>false</doubleSided>
		<materialWeldCompatible>true</materialWeldCompatible>
		<weldProcess>GMAW</weldProcess>
		<inspectionReqt>VISUAL</inspectionReqt>
		<weldLength unit="mm">1760.000000</weldLength>
		<jointStrengthReqt unit="Pa">0.000000</jointStrengthReqt>
		<jointElongationReqt>0</jointElongationReqt>
		<fillerMaterialSpec>STEEL_FILLER_WELD_100KSI</fillerMaterialSpec>
		<weldSide1>
			<incAngle unit="degrees">109.429990</incAngle>
			<leg1Length unit="mm">6.350000</leg1Length>
			<leg2Length unit="mm">6.350000</leg2Length>
			<weldArea unit="mm2">19.013040</weldArea>
			<weldVolume unit="mm3">33462.950310</weldVolume>
		</weldSide1>
		<weldSide2>
			<incAngle unit="degrees">0.000000</incAngle>
			<leg1Length unit="mm">0.000000</leg1Length>
			<leg2Length unit="mm">0.000000</leg2Length>
			<weldArea unit="mm2">0.000000</weldArea>
			<weldVolume unit="mm3">0.000000</weldVolume>
		</weldSide2>
		<part1>
			<id></id>
			<stockNumber></stockNumber>
			<creoName>BUCKET_BACK_3</creoName>
			<stepName></stepName>
			<thickness unit="mm">3.175000</thickness>
			<material id="UNKNOWN">STEEL_MED_CARBON_1045_FORGED</material>
			<component_class></component_class>
		</part1>
		<part2>
			<id></id>
			<stockNumber></stockNumber>
			<creoName>BUCKET_BACK_3</creoName>
			<stepName></stepName>
			<thickness unit="mm">3.175000</thickness>
			<material id="UNKNOWN">STEEL_MED_CARBON_1045_FORGED</material>
			<component_class></component_class>
		</part2>
	</hudatWeld>
	<hudatWeld>
		<name>WELD_524310</name>
		<componentClass>WELD_CLASSB</componentClass>
		<UUID>286c0a92-0f8a-4dd8-9082-a3cf4ca5e481</UUID>
		<instanceID>Default_Instance_id</instanceID>
		<jointType>tee</jointType>
		<grooveConfiguration>square</grooveConfiguration>
		<weldJointConfiguration>Default_WeldJointConfig</weldJointConfiguration>
		<weldPenetration>partial</weldPenetration>
		<doubleSided>false</doubleSided>
		<materialWeldCompatible>true</materialWeldCompatible>
		<weldProcess>GMAW</weldProcess>
		<inspectionReqt>VISUAL</inspectionReqt>
		<weldLength unit="mm">1760.000000</weldLength>
		<jointStrengthReqt unit="Pa">0.000000</jointStrengthReqt>
		<jointElongationReqt>0</jointElongationReqt>
		<fillerMaterialSpec>STEEL_FILLER_WELD_100KSI</fillerMaterialSpec>
		<weldSide1>
			<incAngle unit="degrees">90.000000</incAngle>
			<leg1Length unit="mm">6.350000</leg1Length>
			<leg2Length unit="mm">6.350000</leg2Length>
			<weldArea unit="mm2">20.161250</weldArea>
			<weldVolume unit="mm3">35483.800000</weldVolume>
		</weldSide1>
		<weldSide2>
			<incAngle unit="degrees">0.000000</incAngle>
			<leg1Length unit="mm">0.000000</leg1Length>
			<leg2Length unit="mm">0.000000</leg2Length>
			<weldArea unit="mm2">0.000000</weldArea>
			<weldVolume unit="mm3">0.000000</weldVolume>
		</weldSide2>
		<part1>
			<id></id>
			<stockNumber></stockNumber>
			<creoName>BUCKET_BACK_3</creoName>
			<stepName></stepName>
			<thickness unit="mm">3.175000</thickness>
			<material id="UNKNOWN">STEEL_MED_CARBON_1045_FORGED</material>
			<component_class></component_class>
		</part1>
		<part2>
			<id></id>
			<stockNumber></stockNumber>
			<creoName>BUCKET_BACK_2</creoName>
			<stepName></stepName>
			<thickness unit="mm">3.175000</thickness>
			<material id="UNKNOWN">STEEL_MED_CARBON_1045_FORGED</material>
			<component_class></component_class>
		</part2>
	</hudatWeld>
	<hudatWeld>
		<name>WELD_524311</name>
		<componentClass>WELD_CLASSB</componentClass>
		<UUID>3fcd03b5-175b-41d2-90c1-91f266880586</UUID>
		<instanceID>Default_Instance_id</instanceID>
		<jointType>tee</jointType>
		<grooveConfiguration>square</grooveConfiguration>
		<weldJointConfiguration>Default_WeldJointConfig</weldJointConfiguration>
		<weldPenetration>partial</weldPenetration>
		<doubleSided>false</doubleSided>
		<materialWeldCompatible>true</materialWeldCompatible>
		<weldProcess>GMAW</weldProcess>
		<inspectionReqt>VISUAL</inspectionReqt>
		<weldLength unit="mm">1760.000000</weldLength>
		<jointStrengthReqt unit="Pa">0.000000</jointStrengthReqt>
		<jointElongationReqt>0</jointElongationReqt>
		<fillerMaterialSpec>STEEL_FILLER_WELD_100KSI</fillerMaterialSpec>
		<weldSide1>
			<incAngle unit="degrees">152.597173</incAngle>
			<leg1Length unit="mm">6.350000</leg1Length>
			<leg2Length unit="mm">6.350000</leg2Length>
			<weldArea unit="mm2">9.279086</weldArea>
			<weldVolume unit="mm3">16331.191460</weldVolume>
		</weldSide1>
		<weldSide2>
			<incAngle unit="degrees">0.000000</incAngle>
			<leg1Length unit="mm">0.000000</leg1Length>
			<leg2Length unit="mm">0.000000</leg2Length>
			<weldArea unit="mm2">0.000000</weldArea>
			<weldVolume unit="mm3">0.000000</weldVolume>
		</weldSide2>
		<part1>
			<id></id>
			<stockNumber></stockNumber>
			<creoName>BUCKET_BACK_3</creoName>
			<stepName></stepName>
			<thickness unit="mm">3.175000</thickness>
			<material id="UNKNOWN">STEEL_MED_CARBON_1045_FORGED</material>
			<component_class></component_class>
		</part1>
		<part2>
			<id></id>
			<stockNumber></stockNumber>
			<creoName>BUCKET_BACK_3</creoName>
			<stepName></stepName>
			<thickness unit="mm">3.175000</thickness>
			<material id="UNKNOWN">STEEL_MED_CARBON_1045_FORGED</material>
			<component_class></component_class>
		</part2>
	</hudatWeld>
	<hudatWeld>
		<name>WELD_524312</name>
		<componentClass>WELD_CLASSB</componentClass>
		<UUID>9b5f09a9-61c7-481c-9f12-777d279f1738</UUID>
		<instanceID>Default_Instance_id</instanceID>
		<jointType>tee</jointType>
		<grooveConfiguration>square</grooveConfiguration>
		<weldJointConfiguration>Default_WeldJointConfig</weldJointConfiguration>
		<weldPenetration>partial</weldPenetration>
		<doubleSided>false</doubleSided>
		<materialWeldCompatible>true</materialWeldCompatible>
		<weldProcess>GMAW</weldProcess>
		<inspectionReqt>VISUAL</inspectionReqt>
		<weldLength unit="mm">226.966022</weldLength>
		<jointStrengthReqt unit="Pa">0.000000</jointStrengthReqt>
		<jointElongationReqt>0</jointElongationReqt>
		<fillerMaterialSpec>STEEL_FILLER_WELD_100KSI</fillerMaterialSpec>
		<weldSide1>
			<incAngle unit="degrees">90.000000</incAngle>
			<leg1Length unit="mm">6.350000</leg1Length>
			<leg2Length unit="mm">6.350000</leg2Length>
			<weldArea unit="mm2">20.161250</weldArea>
			<weldVolume unit="mm3">4575.918721</weldVolume>
		</weldSide1>
		<weldSide2>
			<incAngle unit="degrees">0.000000</incAngle>
			<leg1Length unit="mm">0.000000</leg1Length>
			<leg2Length unit="mm">0.000000</leg2Length>
			<weldArea unit="mm2">0.000000</weldArea>
			<weldVolume unit="mm3">0.000000</weldVolume>
		</weldSide2>
		<part1>
			<id></id>
			<stockNumber></stockNumber>
			<creoName>BUCKET_BACK_3</creoName>
			<stepName></stepName>
			<thickness unit="mm">3.175000</thickness>
			<material id="UNKNOWN">STEEL_MED_CARBON_1045_FORGED</material>
			<component_class></component_class>
		</part1>
		<part2>
			<id></id>
			<stockNumber></stockNumber>
			<creoName>BUCKET_BRACKET</creoName>
			<stepName></stepName>
			<thickness unit="mm">3.175000</thickness>
			<material id="UNKNOWN">STEEL_MED_CARBON_1045_FORGED</material>
			<component_class></component_class>
		</part2>
	</hudatWeld>
	<hudatWeld>
		<name>WELD_524313</name>
		<componentClass>WELD_CLASSB</componentClass>
		<UUID>d5b5f286-dd93-4ed3-bc5c-71691cf73a97</UUID>
		<instanceID>Default_Instance_id</instanceID>
		<jointType>tee</jointType>
		<grooveConfiguration>square</grooveConfiguration>
		<weldJointConfiguration>Default_WeldJointConfig</weldJointConfiguration>
		<weldPenetration>partial</weldPenetration>
		<doubleSided>false</doubleSided>
		<materialWeldCompatible>true</materialWeldCompatible>
		<weldProcess>GMAW</weldProcess>
		<inspectionReqt>VISUAL</inspectionReqt>
		<weldLength unit="mm">116.142274</weldLength>
		<jointStrengthReqt unit="Pa">0.000000</jointStrengthReqt>
		<jointElongationReqt>0</jointElongationReqt>
		<fillerMaterialSpec>STEEL_FILLER_WELD_100KSI</fillerMaterialSpec>
		<weldSide1>
			<incAngle unit="degrees">90.000000</incAngle>
			<leg1Length unit="mm">6.350000</leg1Length>
			<leg2Length unit="mm">6.350000</leg2Length>
			<weldArea unit="mm2">20.161250</weldArea>
			<weldVolume unit="mm3">2320.556887</weldVolume>
		</weldSide1>
		<weldSide2>
			<incAngle unit="degrees">0.000000</incAngle>
			<leg1Length unit="mm">0.000000</leg1Length>
			<leg2Length unit="mm">0.000000</leg2Length>
			<weldArea unit="mm2">0.000000</weldArea>
			<weldVolume unit="mm3">0.000000</weldVolume>
		</weldSide2>
		<part1>
			<id></id>
			<stockNumber></stockNumber>
			<creoName>BUCKET_BRACKET</creoName>
			<stepName></stepName>
			<thickness unit="mm">3.175000</thickness>
			<material id="UNKNOWN">STEEL_MED_CARBON_1045_FORGED</material>
			<component_class></component_class>
		</part1>
		<part2>
			<id></id>
			<stockNumber></stockNumber>
			<creoName>BUCKET_BACK_3</creoName>
			<stepName></stepName>
			<thickness unit="mm">3.175000</thickness>
			<material id="UNKNOWN">STEEL_MED_CARBON_1045_FORGED</material>
			<component_class></component_class>
		</part2>
	</hudatWeld>
	<hudatWeld>
		<name>WELD_524314</name>
		<componentClass>WELD_CLASSB</componentClass>
		<UUID>47457f55-975d-4fb6-baed-5167aa144c66</UUID>
		<instanceID>Default_Instance_id</instanceID>
		<jointType>tee</jointType>
		<grooveConfiguration>square</grooveConfiguration>
		<weldJointConfiguration>Default_WeldJointConfig</weldJointConfiguration>
		<weldPenetration>partial</weldPenetration>
		<doubleSided>false</doubleSided>
		<materialWeldCompatible>true</materialWeldCompatible>
		<weldProcess>GMAW</weldProcess>
		<inspectionReqt>VISUAL</inspectionReqt>
		<weldLength unit="mm">226.966022</weldLength>
		<jointStrengthReqt unit="Pa">0.000000</jointStrengthReqt>
		<jointElongationReqt>0</jointElongationReqt>
		<fillerMaterialSpec>STEEL_FILLER_WELD_100KSI</fillerMaterialSpec>
		<weldSide1>
			<incAngle unit="degrees">90.000000</incAngle>
			<leg1Length unit="mm">6.350000</leg1Length>
			<leg2Length unit="mm">6.350000</leg2Length>
			<weldArea unit="mm2">20.161250</weldArea>
			<weldVolume unit="mm3">4575.918721</weldVolume>
		</weldSide1>
		<weldSide2>
			<incAngle unit="degrees">0.000000</incAngle>
			<leg1Length unit="mm">0.000000</leg1Length>
			<leg2Length unit="mm">0.000000</leg2Length>
			<weldArea unit="mm2">0.000000</weldArea>
			<weldVolume unit="mm3">0.000000</weldVolume>
		</weldSide2>
		<part1>
			<id></id>
			<stockNumber></stockNumber>
			<creoName>BUCKET_BACK_3</creoName>
			<stepName></stepName>
			<thickness unit="mm">3.175000</thickness>
			<material id="UNKNOWN">STEEL_MED_CARBON_1045_FORGED</material>
			<component_class></component_class>
		</part1>
		<part2>
			<id></id>
			<stockNumber></stockNumber>
			<creoName>BUCKET_BRACKET</creoName>
			<stepName></stepName>
			<thickness unit="mm">3.175000</thickness>
			<material id="UNKNOWN">STEEL_MED_CARBON_1045_FORGED</material>
			<component_class></component_class>
		</part2>
	</hudatWeld>
	<hudatWeld>
		<name>WELD_524315</name>
		<componentClass>WELD_CLASSB</componentClass>
		<UUID>6debe53d-f4b5-43c0-95e5-8476d80e51f3</UUID>
		<instanceID>Default_Instance_id</instanceID>
		<jointType>tee</jointType>
		<grooveConfiguration>square</grooveConfiguration>
		<weldJointConfiguration>Default_WeldJointConfig</weldJointConfiguration>
		<weldPenetration>partial</weldPenetration>
		<doubleSided>false</doubleSided>
		<materialWeldCompatible>true</materialWeldCompatible>
		<weldProcess>GMAW</weldProcess>
		<inspectionReqt>VISUAL</inspectionReqt>
		<weldLength unit="mm">116.142274</weldLength>
		<jointStrengthReqt unit="Pa">0.000000</jointStrengthReqt>
		<jointElongationReqt>0</jointElongationReqt>
		<fillerMaterialSpec>STEEL_FILLER_WELD_100KSI</fillerMaterialSpec>
		<weldSide1>
			<incAngle unit="degrees">90.000000</incAngle>
			<leg1Length unit="mm">6.350000</leg1Length>
			<leg2Length unit="mm">6.350000</leg2Length>
			<weldArea unit="mm2">20.161250</weldArea>
			<weldVolume unit="mm3">2320.556887</weldVolume>
		</weldSide1>
		<weldSide2>
			<incAngle unit="degrees">0.000000</incAngle>
			<leg1Length unit="mm">0.000000</leg1Length>
			<leg2Length unit="mm">0.000000</leg2Length>
			<weldArea unit="mm2">0.000000</weldArea>
			<weldVolume unit="mm3">0.000000</weldVolume>
		</weldSide2>
		<part1>
			<id></id>
			<stockNumber></stockNumber>
			<creoName>BUCKET_BACK_3</creoName>
			<stepName></stepName>
			<thickness unit="mm">3.175000</thickness>
			<material id="UNKNOWN">STEEL_MED_CARBON_1045_FORGED</material>
			<component_class></component_class>
		</part1>
		<part2>
			<id></id>
			<stockNumber></stockNumber>
			<creoName>BUCKET_BRACKET</creoName>
			<stepName></stepName>
			<thickness unit="mm">3.175000</thickness>
			<material id="UNKNOWN">STEEL_MED_CARBON_1045_FORGED</material>
			<component_class></component_class>
		</part2>
	</hudatWeld>
	<hudatWeld>
		<name>WELD_524316</name>
		<componentClass>WELD_CLASSB</componentClass>
		<UUID>58dc60d6-1e0f-4c35-996f-944de437b430</UUID>
		<instanceID>Default_Instance_id</instanceID>
		<jointType>tee</jointType>
		<grooveConfiguration>square</grooveConfiguration>
		<weldJointConfiguration>Default_WeldJointConfig</weldJointConfiguration>
		<weldPenetration>partial</weldPenetration>
		<doubleSided>false</doubleSided>
		<materialWeldCompatible>true</materialWeldCompatible>
		<weldProcess>GMAW</weldProcess>
		<inspectionReqt>VISUAL</inspectionReqt>
		<weldLength unit="mm">226.966022</weldLength>
		<jointStrengthReqt unit="Pa">0.000000</jointStrengthReqt>
		<jointElongationReqt>0</jointElongationReqt>
		<fillerMaterialSpec>STEEL_FILLER_WELD_100KSI</fillerMaterialSpec>
		<weldSide1>
			<incAngle unit="degrees">90.000000</incAngle>
			<leg1Length unit="mm">6.350000</leg1Length>
			<leg2Length unit="mm">6.350000</leg2Length>
			<weldArea unit="mm2">20.161250</weldArea>
			<weldVolume unit="mm3">4575.918721</weldVolume>
		</weldSide1>
		<weldSide2>
			<incAngle unit="degrees">0.000000</incAngle>
			<leg1Length unit="mm">0.000000</leg1Length>
			<leg2Length unit="mm">0.000000</leg2Length>
			<weldArea unit="mm2">0.000000</weldArea>
			<weldVolume unit="mm3">0.000000</weldVolume>
		</weldSide2>
		<part1>
			<id></id>
			<stockNumber></stockNumber>
			<creoName>BUCKET_BRACKET</creoName>
			<stepName></stepName>
			<thickness unit="mm">3.175000</thickness>
			<material id="UNKNOWN">STEEL_MED_CARBON_1045_FORGED</material>
			<component_class></component_class>
		</part1>
		<part2>
			<id></id>
			<stockNumber></stockNumber>
			<creoName>BUCKET_BACK_3</creoName>
			<stepName></stepName>
			<thickness unit="mm">3.175000</thickness>
			<material id="UNKNOWN">STEEL_MED_CARBON_1045_FORGED</material>
			<component_class></component_class>
		</part2>
	</hudatWeld>
	<hudatWeld>
		<name>WELD_524317</name>
		<componentClass>WELD_CLASSB</componentClass>
		<UUID>d7ee6253-ceaa-4a7e-b7dd-b352821fddd4</UUID>
		<instanceID>Default_Instance_id</instanceID>
		<jointType>tee</jointType>
		<grooveConfiguration>square</grooveConfiguration>
		<weldJointConfiguration>Default_WeldJointConfig</weldJointConfiguration>
		<weldPenetration>partial</weldPenetration>
		<doubleSided>false</doubleSided>
		<materialWeldCompatible>true</materialWeldCompatible>
		<weldProcess>GMAW</weldProcess>
		<inspectionReqt>VISUAL</inspectionReqt>
		<weldLength unit="mm">116.142274</weldLength>
		<jointStrengthReqt unit="Pa">0.000000</jointStrengthReqt>
		<jointElongationReqt>0</jointElongationReqt>
		<fillerMaterialSpec>STEEL_FILLER_WELD_100KSI</fillerMaterialSpec>
		<weldSide1>
			<incAngle unit="degrees">90.000000</incAngle>
			<leg1Length unit="mm">6.350000</leg1Length>
			<leg2Length unit="mm">6.350000</leg2Length>
			<weldArea unit="mm2">20.161250</weldArea>
			<weldVolume unit="mm3">2320.556887</weldVolume>
		</weldSide1>
		<weldSide2>
			<incAngle unit="degrees">0.000000</incAngle>
			<leg1Length unit="mm">0.000000</leg1Length>
			<leg2Length unit="mm">0.000000</leg2Length>
			<weldArea unit="mm2">0.000000</weldArea>
			<weldVolume unit="mm3">0.000000</weldVolume>
		</weldSide2>
		<part1>
			<id></id>
			<stockNumber></stockNumber>
			<creoName>BUCKET_BACK_3</creoName>
			<stepName></stepName>
			<thickness unit="mm">3.175000</thickness>
			<material id="UNKNOWN">STEEL_MED_CARBON_1045_FORGED</material>
			<component_class></component_class>
		</part1>
		<part2>
			<id></id>
			<stockNumber></stockNumber>
			<creoName>BUCKET_BRACKET</creoName>
			<stepName></stepName>
			<thickness unit="mm">3.175000</thickness>
			<material id="UNKNOWN">STEEL_MED_CARBON_1045_FORGED</material>
			<component_class></component_class>
		</part2>
	</hudatWeld>
	<hudatWeld>
		<name>WELD_524318</name>
		<componentClass>WELD_CLASSB</componentClass>
		<UUID>e2a5360e-e803-41c8-8927-8c00387c85e0</UUID>
		<instanceID>Default_Instance_id</instanceID>
		<jointType>tee</jointType>
		<grooveConfiguration>square</grooveConfiguration>
		<weldJointConfiguration>Default_WeldJointConfig</weldJointConfiguration>
		<weldPenetration>partial</weldPenetration>
		<doubleSided>false</doubleSided>
		<materialWeldCompatible>true</materialWeldCompatible>
		<weldProcess>GMAW</weldProcess>
		<inspectionReqt>VISUAL</inspectionReqt>
		<weldLength unit="mm">226.966022</weldLength>
		<jointStrengthReqt unit="Pa">0.000000</jointStrengthReqt>
		<jointElongationReqt>0</jointElongationReqt>
		<fillerMaterialSpec>STEEL_FILLER_WELD_100KSI</fillerMaterialSpec>
		<weldSide1>
			<incAngle unit="degrees">90.000000</incAngle>
			<leg1Length unit="mm">6.350000</leg1Length>
			<leg2Length unit="mm">6.350000</leg2Length>
			<weldArea unit="mm2">20.161250</weldArea>
			<weldVolume unit="mm3">4575.918721</weldVolume>
		</weldSide1>
		<weldSide2>
			<incAngle unit="degrees">0.000000</incAngle>
			<leg1Length unit="mm">0.000000</leg1Length>
			<leg2Length unit="mm">0.000000</leg2Length>
			<weldArea unit="mm2">0.000000</weldArea>
			<weldVolume unit="mm3">0.000000</weldVolume>
		</weldSide2>
		<part1>
			<id></id>
			<stockNumber></stockNumber>
			<creoName>BUCKET_BACK_3</creoName>
			<stepName></stepName>
			<thickness unit="mm">3.175000</thickness>
			<material id="UNKNOWN">STEEL_MED_CARBON_1045_FORGED</material>
			<component_class></component_class>
		</part1>
		<part2>
			<id></id>
			<stockNumber></stockNumber>
			<creoName>BUCKET_BRACKET</creoName>
			<stepName></stepName>
			<thickness unit="mm">3.175000</thickness>
			<material id="UNKNOWN">STEEL_MED_CARBON_1045_FORGED</material>
			<component_class></component_class>
		</part2>
	</hudatWeld>
	<hudatWeld>
		<name>WELD_524319</name>
		<componentClass>WELD_CLASSB</componentClass>
		<UUID>ac498c07-0406-43ba-a792-e47c312b6487</UUID>
		<instanceID>Default_Instance_id</instanceID>
		<jointType>tee</jointType>
		<grooveConfiguration>square</grooveConfiguration>
		<weldJointConfiguration>Default_WeldJointConfig</weldJointConfiguration>
		<weldPenetration>partial</weldPenetration>
		<doubleSided>false</doubleSided>
		<materialWeldCompatible>true</materialWeldCompatible>
		<weldProcess>GMAW</weldProcess>
		<inspectionReqt>VISUAL</inspectionReqt>
		<weldLength unit="mm">116.142274</weldLength>
		<jointStrengthReqt unit="Pa">0.000000</jointStrengthReqt>
		<jointElongationReqt>0</jointElongationReqt>
		<fillerMaterialSpec>STEEL_FILLER_WELD_100KSI</fillerMaterialSpec>
		<weldSide1>
			<incAngle unit="degrees">90.000000</incAngle>
			<leg1Length unit="mm">6.350000</leg1Length>
			<leg2Length unit="mm">6.350000</leg2Length>
			<weldArea unit="mm2">20.161250</weldArea>
			<weldVolume unit="mm3">2320.556887</weldVolume>
		</weldSide1>
		<weldSide2>
			<incAngle unit="degrees">0.000000</incAngle>
			<leg1Length unit="mm">0.000000</leg1Length>
			<leg2Length unit="mm">0.000000</leg2Length>
			<weldArea unit="mm2">0.000000</weldArea>
			<weldVolume unit="mm3">0.000000</weldVolume>
		</weldSide2>
		<part1>
			<id></id>
			<stockNumber></stockNumber>
			<creoName>BUCKET_BRACKET</creoName>
			<stepName></stepName>
			<thickness unit="mm">3.175000</thickness>
			<material id="UNKNOWN">STEEL_MED_CARBON_1045_FORGED</material>
			<component_class></component_class>
		</part1>
		<part2>
			<id></id>
			<stockNumber></stockNumber>
			<creoName>BUCKET_BACK_3</creoName>
			<stepName></stepName>
			<thickness unit="mm">3.175000</thickness>
			<material id="UNKNOWN">STEEL_MED_CARBON_1045_FORGED</material>
			<component_class></component_class>
		</part2>
	</hudatWeld>
	<hudatWeld>
		<name>WELD_524321</name>
		<componentClass>WELD_CLASSB</componentClass>
		<UUID>c6dc9e18-10b6-4024-9efe-3e07fc79a476</UUID>
		<instanceID>Default_Instance_id</instanceID>
		<jointType>tee</jointType>
		<grooveConfiguration>square</grooveConfiguration>
		<weldJointConfiguration>Default_WeldJointConfig</weldJointConfiguration>
		<weldPenetration>partial</weldPenetration>
		<doubleSided>false</doubleSided>
		<materialWeldCompatible>true</materialWeldCompatible>
		<weldProcess>GMAW</weldProcess>
		<inspectionReqt>VISUAL</inspectionReqt>
		<weldLength unit="mm">232.991300</weldLength>
		<jointStrengthReqt unit="Pa">0.000000</jointStrengthReqt>
		<jointElongationReqt>0</jointElongationReqt>
		<fillerMaterialSpec>STEEL_FILLER_WELD_100KSI</fillerMaterialSpec>
		<weldSide1>
			<incAngle unit="degrees">90.000000</incAngle>
			<leg1Length unit="mm">6.350000</leg1Length>
			<leg2Length unit="mm">6.350000</leg2Length>
			<weldArea unit="mm2">20.161250</weldArea>
			<weldVolume unit="mm3">4697.395847</weldVolume>
		</weldSide1>
		<weldSide2>
			<incAngle unit="degrees">0.000000</incAngle>
			<leg1Length unit="mm">0.000000</leg1Length>
			<leg2Length unit="mm">0.000000</leg2Length>
			<weldArea unit="mm2">0.000000</weldArea>
			<weldVolume unit="mm3">0.000000</weldVolume>
		</weldSide2>
		<part1>
			<id></id>
			<stockNumber></stockNumber>
			<creoName>BUCKET_BRACKET</creoName>
			<stepName></stepName>
			<thickness unit="mm">3.175000</thickness>
			<material id="UNKNOWN">STEEL_MED_CARBON_1045_FORGED</material>
			<component_class></component_class>
		</part1>
		<part2>
			<id></id>
			<stockNumber></stockNumber>
			<creoName>BUCKET_BACK_3</creoName>
			<stepName></stepName>
			<thickness unit="mm">3.175000</thickness>
			<material id="UNKNOWN">STEEL_MED_CARBON_1045_FORGED</material>
			<component_class></component_class>
		</part2>
	</hudatWeld>
	<hudatWeld>
		<name>WELD_524322</name>
		<componentClass>WELD_CLASSB</componentClass>
		<UUID>eef94d5e-d91a-466a-8166-85c178d347d7</UUID>
		<instanceID>Default_Instance_id</instanceID>
		<jointType>tee</jointType>
		<grooveConfiguration>square</grooveConfiguration>
		<weldJointConfiguration>Default_WeldJointConfig</weldJointConfiguration>
		<weldPenetration>partial</weldPenetration>
		<doubleSided>false</doubleSided>
		<materialWeldCompatible>true</materialWeldCompatible>
		<weldProcess>GMAW</weldProcess>
		<inspectionReqt>VISUAL</inspectionReqt>
		<weldLength unit="mm">369.706815</weldLength>
		<jointStrengthReqt unit="Pa">0.000000</jointStrengthReqt>
		<jointElongationReqt>0</jointElongationReqt>
		<fillerMaterialSpec>STEEL_FILLER_WELD_100KSI</fillerMaterialSpec>
		<weldSide1>
			<incAngle unit="degrees">90.000000</incAngle>
			<leg1Length unit="mm">6.350000</leg1Length>
			<leg2Length unit="mm">6.350000</leg2Length>
			<weldArea unit="mm2">20.161250</weldArea>
			<weldVolume unit="mm3">7514.146990</weldVolume>
		</weldSide1>
		<weldSide2>
			<incAngle unit="degrees">0.000000</incAngle>
			<leg1Length unit="mm">0.000000</leg1Length>
			<leg2Length unit="mm">0.000000</leg2Length>
			<weldArea unit="mm2">0.000000</weldArea>
			<weldVolume unit="mm3">0.000000</weldVolume>
		</weldSide2>
		<part1>
			<id></id>
			<stockNumber></stockNumber>
			<creoName>BUCKET_BACK_3</creoName>
			<stepName></stepName>
			<thickness unit="mm">3.175000</thickness>
			<material id="UNKNOWN">STEEL_MED_CARBON_1045_FORGED</material>
			<component_class></component_class>
		</part1>
		<part2>
			<id></id>
			<stockNumber></stockNumber>
			<creoName>BUCKET_BRACKET</creoName>
			<stepName></stepName>
			<thickness unit="mm">3.175000</thickness>
			<material id="UNKNOWN">STEEL_MED_CARBON_1045_FORGED</material>
			<component_class></component_class>
		</part2>
	</hudatWeld>
	<hudatWeld>
		<name>WELD_524323</name>
		<componentClass>WELD_CLASSB</componentClass>
		<UUID>c287cd0a-6f72-4966-9be9-e66f04d4694c</UUID>
		<instanceID>Default_Instance_id</instanceID>
		<jointType>tee</jointType>
		<grooveConfiguration>square</grooveConfiguration>
		<weldJointConfiguration>Default_WeldJointConfig</weldJointConfiguration>
		<weldPenetration>partial</weldPenetration>
		<doubleSided>false</doubleSided>
		<materialWeldCompatible>true</materialWeldCompatible>
		<weldProcess>GMAW</weldProcess>
		<inspectionReqt>VISUAL</inspectionReqt>
		<weldLength unit="mm">256.740000</weldLength>
		<jointStrengthReqt unit="Pa">0.000000</jointStrengthReqt>
		<jointElongationReqt>0</jointElongationReqt>
		<fillerMaterialSpec>STEEL_FILLER_WELD_100KSI</fillerMaterialSpec>
		<weldSide1>
			<incAngle unit="degrees">90.000000</incAngle>
			<leg1Length unit="mm">6.350000</leg1Length>
			<leg2Length unit="mm">6.350000</leg2Length>
			<weldArea unit="mm2">20.161250</weldArea>
			<weldVolume unit="mm3">5176.199325</weldVolume>
		</weldSide1>
		<weldSide2>
			<incAngle unit="degrees">0.000000</incAngle>
			<leg1Length unit="mm">0.000000</leg1Length>
			<leg2Length unit="mm">0.000000</leg2Length>
			<weldArea unit="mm2">0.000000</weldArea>
			<weldVolume unit="mm3">0.000000</weldVolume>
		</weldSide2>
		<part1>
			<id></id>
			<stockNumber></stockNumber>
			<creoName>BUCKET_BACK_3</creoName>
			<stepName></stepName>
			<thickness unit="mm">3.175000</thickness>
			<material id="UNKNOWN">STEEL_MED_CARBON_1045_FORGED</material>
			<component_class></component_class>
		</part1>
		<part2>
			<id></id>
			<stockNumber></stockNumber>
			<creoName>BUCKET_BRACKET</creoName>
			<stepName></stepName>
			<thickness unit="mm">3.175000</thickness>
			<material id="UNKNOWN">STEEL_MED_CARBON_1045_FORGED</material>
			<component_class></component_class>
		</part2>
	</hudatWeld>
	<hudatWeld>
		<name>WELD_524324</name>
		<componentClass>WELD_CLASSB</componentClass>
		<UUID>768edba9-121d-4554-94f7-e413bb89400e</UUID>
		<instanceID>Default_Instance_id</instanceID>
		<jointType>tee</jointType>
		<grooveConfiguration>square</grooveConfiguration>
		<weldJointConfiguration>Default_WeldJointConfig</weldJointConfiguration>
		<weldPenetration>partial</weldPenetration>
		<doubleSided>false</doubleSided>
		<materialWeldCompatible>true</materialWeldCompatible>
		<weldProcess>GMAW</weldProcess>
		<inspectionReqt>VISUAL</inspectionReqt>
		<weldLength unit="mm">217.008818</weldLength>
		<jointStrengthReqt unit="Pa">0.000000</jointStrengthReqt>
		<jointElongationReqt>0</jointElongationReqt>
		<fillerMaterialSpec>STEEL_FILLER_WELD_100KSI</fillerMaterialSpec>
		<weldSide1>
			<incAngle unit="degrees">90.000000</incAngle>
			<leg1Length unit="mm">6.350000</leg1Length>
			<leg2Length unit="mm">6.350000</leg2Length>
			<weldArea unit="mm2">20.161250</weldArea>
			<weldVolume unit="mm3">4375.169039</weldVolume>
		</weldSide1>
		<weldSide2>
			<incAngle unit="degrees">0.000000</incAngle>
			<leg1Length unit="mm">0.000000</leg1Length>
			<leg2Length unit="mm">0.000000</leg2Length>
			<weldArea unit="mm2">0.000000</weldArea>
			<weldVolume unit="mm3">0.000000</weldVolume>
		</weldSide2>
		<part1>
			<id></id>
			<stockNumber></stockNumber>
			<creoName>BUCKET_BACK_2</creoName>
			<stepName></stepName>
			<thickness unit="mm">3.175000</thickness>
			<material id="UNKNOWN">STEEL_MED_CARBON_1045_FORGED</material>
			<component_class></component_class>
		</part1>
		<part2>
			<id></id>
			<stockNumber></stockNumber>
			<creoName>BUCKET_BRACKET</creoName>
			<stepName></stepName>
			<thickness unit="mm">3.175000</thickness>
			<material id="UNKNOWN">STEEL_MED_CARBON_1045_FORGED</material>
			<component_class></component_class>
		</part2>
	</hudatWeld>
	<hudatWeld>
		<name>WELD_524325</name>
		<componentClass>WELD_CLASSB</componentClass>
		<UUID>2313e736-f608-49fa-9780-f8bd572404c2</UUID>
		<instanceID>Default_Instance_id</instanceID>
		<jointType>tee</jointType>
		<grooveConfiguration>square</grooveConfiguration>
		<weldJointConfiguration>Default_WeldJointConfig</weldJointConfiguration>
		<weldPenetration>partial</weldPenetration>
		<doubleSided>false</doubleSided>
		<materialWeldCompatible>true</materialWeldCompatible>
		<weldProcess>GMAW</weldProcess>
		<inspectionReqt>VISUAL</inspectionReqt>
		<weldLength unit="mm">217.008818</weldLength>
		<jointStrengthReqt unit="Pa">0.000000</jointStrengthReqt>
		<jointElongationReqt>0</jointElongationReqt>
		<fillerMaterialSpec>STEEL_FILLER_WELD_100KSI</fillerMaterialSpec>
		<weldSide1>
			<incAngle unit="degrees">90.000000</incAngle>
			<leg1Length unit="mm">6.350000</leg1Length>
			<leg2Length unit="mm">6.350000</leg2Length>
			<weldArea unit="mm2">20.161250</weldArea>
			<weldVolume unit="mm3">4375.169039</weldVolume>
		</weldSide1>
		<weldSide2>
			<incAngle unit="degrees">0.000000</incAngle>
			<leg1Length unit="mm">0.000000</leg1Length>
			<leg2Length unit="mm">0.000000</leg2Length>
			<weldArea unit="mm2">0.000000</weldArea>
			<weldVolume unit="mm3">0.000000</weldVolume>
		</weldSide2>
		<part1>
			<id></id>
			<stockNumber></stockNumber>
			<creoName>BUCKET_BACK_2</creoName>
			<stepName></stepName>
			<thickness unit="mm">3.175000</thickness>
			<material id="UNKNOWN">STEEL_MED_CARBON_1045_FORGED</material>
			<component_class></component_class>
		</part1>
		<part2>
			<id></id>
			<stockNumber></stockNumber>
			<creoName>BUCKET_BRACKET</creoName>
			<stepName></stepName>
			<thickness unit="mm">3.175000</thickness>
			<material id="UNKNOWN">STEEL_MED_CARBON_1045_FORGED</material>
			<component_class></component_class>
		</part2>
	</hudatWeld>
	<hudatWeld>
		<name>WELD_524326</name>
		<componentClass>WELD_CLASSB</componentClass>
		<UUID>d4a8018e-960c-4aa0-bd1b-170ca137703a</UUID>
		<instanceID>Default_Instance_id</instanceID>
		<jointType>tee</jointType>
		<grooveConfiguration>square</grooveConfiguration>
		<weldJointConfiguration>Default_WeldJointConfig</weldJointConfiguration>
		<weldPenetration>partial</weldPenetration>
		<doubleSided>false</doubleSided>
		<materialWeldCompatible>true</materialWeldCompatible>
		<weldProcess>GMAW</weldProcess>
		<inspectionReqt>VISUAL</inspectionReqt>
		<weldLength unit="mm">256.740000</weldLength>
		<jointStrengthReqt unit="Pa">0.000000</jointStrengthReqt>
		<jointElongationReqt>0</jointElongationReqt>
		<fillerMaterialSpec>STEEL_FILLER_WELD_100KSI</fillerMaterialSpec>
		<weldSide1>
			<incAngle unit="degrees">90.000000</incAngle>
			<leg1Length unit="mm">6.350000</leg1Length>
			<leg2Length unit="mm">6.350000</leg2Length>
			<weldArea unit="mm2">20.161250</weldArea>
			<weldVolume unit="mm3">5176.199325</weldVolume>
		</weldSide1>
		<weldSide2>
			<incAngle unit="degrees">0.000000</incAngle>
			<leg1Length unit="mm">0.000000</leg1Length>
			<leg2Length unit="mm">0.000000</leg2Length>
			<weldArea unit="mm2">0.000000</weldArea>
			<weldVolume unit="mm3">0.000000</weldVolume>
		</weldSide2>
		<part1>
			<id></id>
			<stockNumber></stockNumber>
			<creoName>BUCKET_BACK_3</creoName>
			<stepName></stepName>
			<thickness unit="mm">3.175000</thickness>
			<material id="UNKNOWN">STEEL_MED_CARBON_1045_FORGED</material>
			<component_class></component_class>
		</part1>
		<part2>
			<id></id>
			<stockNumber></stockNumber>
			<creoName>BUCKET_BRACKET</creoName>
			<stepName></stepName>
			<thickness unit="mm">3.175000</thickness>
			<material id="UNKNOWN">STEEL_MED_CARBON_1045_FORGED</material>
			<component_class></component_class>
		</part2>
	</hudatWeld>
	<hudatWeld>
		<name>WELD_524327</name>
		<componentClass>WELD_CLASSB</componentClass>
		<UUID>1b732216-c31a-4590-9b4b-2271f197a9f5</UUID>
		<instanceID>Default_Instance_id</instanceID>
		<jointType>tee</jointType>
		<grooveConfiguration>square</grooveConfiguration>
		<weldJointConfiguration>Default_WeldJointConfig</weldJointConfiguration>
		<weldPenetration>partial</weldPenetration>
		<doubleSided>false</doubleSided>
		<materialWeldCompatible>true</materialWeldCompatible>
		<weldProcess>GMAW</weldProcess>
		<inspectionReqt>VISUAL</inspectionReqt>
		<weldLength unit="mm">369.706815</weldLength>
		<jointStrengthReqt unit="Pa">0.000000</jointStrengthReqt>
		<jointElongationReqt>0</jointElongationReqt>
		<fillerMaterialSpec>STEEL_FILLER_WELD_100KSI</fillerMaterialSpec>
		<weldSide1>
			<incAngle unit="degrees">90.000000</incAngle>
			<leg1Length unit="mm">6.350000</leg1Length>
			<leg2Length unit="mm">6.350000</leg2Length>
			<weldArea unit="mm2">20.161250</weldArea>
			<weldVolume unit="mm3">7514.146990</weldVolume>
		</weldSide1>
		<weldSide2>
			<incAngle unit="degrees">0.000000</incAngle>
			<leg1Length unit="mm">0.000000</leg1Length>
			<leg2Length unit="mm">0.000000</leg2Length>
			<weldArea unit="mm2">0.000000</weldArea>
			<weldVolume unit="mm3">0.000000</weldVolume>
		</weldSide2>
		<part1>
			<id></id>
			<stockNumber></stockNumber>
			<creoName>BUCKET_BACK_3</creoName>
			<stepName></stepName>
			<thickness unit="mm">3.175000</thickness>
			<material id="UNKNOWN">STEEL_MED_CARBON_1045_FORGED</material>
			<component_class></component_class>
		</part1>
		<part2>
			<id></id>
			<stockNumber></stockNumber>
			<creoName>BUCKET_BRACKET</creoName>
			<stepName></stepName>
			<thickness unit="mm">3.175000</thickness>
			<material id="UNKNOWN">STEEL_MED_CARBON_1045_FORGED</material>
			<component_class></component_class>
		</part2>
	</hudatWeld>
	<hudatWeld>
		<name>WELD_524328</name>
		<componentClass>WELD_CLASSB</componentClass>
		<UUID>480ec7c3-123c-4a78-b8ca-54c371524815</UUID>
		<instanceID>Default_Instance_id</instanceID>
		<jointType>tee</jointType>
		<grooveConfiguration>square</grooveConfiguration>
		<weldJointConfiguration>Default_WeldJointConfig</weldJointConfiguration>
		<weldPenetration>partial</weldPenetration>
		<doubleSided>false</doubleSided>
		<materialWeldCompatible>true</materialWeldCompatible>
		<weldProcess>GMAW</weldProcess>
		<inspectionReqt>VISUAL</inspectionReqt>
		<weldLength unit="mm">232.991300</weldLength>
		<jointStrengthReqt unit="Pa">0.000000</jointStrengthReqt>
		<jointElongationReqt>0</jointElongationReqt>
		<fillerMaterialSpec>STEEL_FILLER_WELD_100KSI</fillerMaterialSpec>
		<weldSide1>
			<incAngle unit="degrees">90.000000</incAngle>
			<leg1Length unit="mm">6.350000</leg1Length>
			<leg2Length unit="mm">6.350000</leg2Length>
			<weldArea unit="mm2">20.161250</weldArea>
			<weldVolume unit="mm3">4697.395847</weldVolume>
		</weldSide1>
		<weldSide2>
			<incAngle unit="degrees">0.000000</incAngle>
			<leg1Length unit="mm">0.000000</leg1Length>
			<leg2Length unit="mm">0.000000</leg2Length>
			<weldArea unit="mm2">0.000000</weldArea>
			<weldVolume unit="mm3">0.000000</weldVolume>
		</weldSide2>
		<part1>
			<id></id>
			<stockNumber></stockNumber>
			<creoName>BUCKET_BACK_3</creoName>
			<stepName></stepName>
			<thickness unit="mm">3.175000</thickness>
			<material id="UNKNOWN">STEEL_MED_CARBON_1045_FORGED</material>
			<component_class></component_class>
		</part1>
		<part2>
			<id></id>
			<stockNumber></stockNumber>
			<creoName>BUCKET_BRACKET</creoName>
			<stepName></stepName>
			<thickness unit="mm">3.175000</thickness>
			<material id="UNKNOWN">STEEL_MED_CARBON_1045_FORGED</material>
			<component_class></component_class>
		</part2>
	</hudatWeld>
	<hudatWeld>
		<name>WELD_524329</name>
		<componentClass>WELD_CLASSB</componentClass>
		<UUID>4ee8f1e6-0a9b-467e-8140-7df5826416dc</UUID>
		<instanceID>Default_Instance_id</instanceID>
		<jointType>tee</jointType>
		<grooveConfiguration>square</grooveConfiguration>
		<weldJointConfiguration>Default_WeldJointConfig</weldJointConfiguration>
		<weldPenetration>partial</weldPenetration>
		<doubleSided>false</doubleSided>
		<materialWeldCompatible>true</materialWeldCompatible>
		<weldProcess>GMAW</weldProcess>
		<inspectionReqt>VISUAL</inspectionReqt>
		<weldLength unit="mm">232.991300</weldLength>
		<jointStrengthReqt unit="Pa">0.000000</jointStrengthReqt>
		<jointElongationReqt>0</jointElongationReqt>
		<fillerMaterialSpec>STEEL_FILLER_WELD_100KSI</fillerMaterialSpec>
		<weldSide1>
			<incAngle unit="degrees">90.000000</incAngle>
			<leg1Length unit="mm">6.350000</leg1Length>
			<leg2Length unit="mm">6.350000</leg2Length>
			<weldArea unit="mm2">20.161250</weldArea>
			<weldVolume unit="mm3">4697.395847</weldVolume>
		</weldSide1>
		<weldSide2>
			<incAngle unit="degrees">0.000000</incAngle>
			<leg1Length unit="mm">0.000000</leg1Length>
			<leg2Length unit="mm">0.000000</leg2Length>
			<weldArea unit="mm2">0.000000</weldArea>
			<weldVolume unit="mm3">0.000000</weldVolume>
		</weldSide2>
		<part1>
			<id></id>
			<stockNumber></stockNumber>
			<creoName>BUCKET_BRACKET</creoName>
			<stepName></stepName>
			<thickness unit="mm">3.175000</thickness>
			<material id="UNKNOWN">STEEL_MED_CARBON_1045_FORGED</material>
			<component_class></component_class>
		</part1>
		<part2>
			<id></id>
			<stockNumber></stockNumber>
			<creoName>BUCKET_BACK_3</creoName>
			<stepName></stepName>
			<thickness unit="mm">3.175000</thickness>
			<material id="UNKNOWN">STEEL_MED_CARBON_1045_FORGED</material>
			<component_class></component_class>
		</part2>
	</hudatWeld>
	<hudatWeld>
		<name>WELD_524330</name>
		<componentClass>WELD_CLASSB</componentClass>
		<UUID>8af0794a-562b-4095-9a9c-c8c507c6a47d</UUID>
		<instanceID>Default_Instance_id</instanceID>
		<jointType>tee</jointType>
		<grooveConfiguration>square</grooveConfiguration>
		<weldJointConfiguration>Default_WeldJointConfig</weldJointConfiguration>
		<weldPenetration>partial</weldPenetration>
		<doubleSided>false</doubleSided>
		<materialWeldCompatible>true</materialWeldCompatible>
		<weldProcess>GMAW</weldProcess>
		<inspectionReqt>VISUAL</inspectionReqt>
		<weldLength unit="mm">369.706815</weldLength>
		<jointStrengthReqt unit="Pa">0.000000</jointStrengthReqt>
		<jointElongationReqt>0</jointElongationReqt>
		<fillerMaterialSpec>STEEL_FILLER_WELD_100KSI</fillerMaterialSpec>
		<weldSide1>
			<incAngle unit="degrees">90.000000</incAngle>
			<leg1Length unit="mm">6.350000</leg1Length>
			<leg2Length unit="mm">6.350000</leg2Length>
			<weldArea unit="mm2">20.161250</weldArea>
			<weldVolume unit="mm3">7514.146990</weldVolume>
		</weldSide1>
		<weldSide2>
			<incAngle unit="degrees">0.000000</incAngle>
			<leg1Length unit="mm">0.000000</leg1Length>
			<leg2Length unit="mm">0.000000</leg2Length>
			<weldArea unit="mm2">0.000000</weldArea>
			<weldVolume unit="mm3">0.000000</weldVolume>
		</weldSide2>
		<part1>
			<id></id>
			<stockNumber></stockNumber>
			<creoName>BUCKET_BRACKET</creoName>
			<stepName></stepName>
			<thickness unit="mm">3.175000</thickness>
			<material id="UNKNOWN">STEEL_MED_CARBON_1045_FORGED</material>
			<component_class></component_class>
		</part1>
		<part2>
			<id></id>
			<stockNumber></stockNumber>
			<creoName>BUCKET_BACK_3</creoName>
			<stepName></stepName>
			<thickness unit="mm">3.175000</thickness>
			<material id="UNKNOWN">STEEL_MED_CARBON_1045_FORGED</material>
			<component_class></component_class>
		</part2>
	</hudatWeld>
	<hudatWeld>
		<name>WELD_524331</name>
		<componentClass>WELD_CLASSB</componentClass>
		<UUID>7c1f22f7-87c1-4c73-b781-ab96a1f2c488</UUID>
		<instanceID>Default_Instance_id</instanceID>
		<jointType>tee</jointType>
		<grooveConfiguration>square</grooveConfiguration>
		<weldJointConfiguration>Default_WeldJointConfig</weldJointConfiguration>
		<weldPenetration>partial</weldPenetration>
		<doubleSided>false</doubleSided>
		<materialWeldCompatible>true</materialWeldCompatible>
		<weldProcess>GMAW</weldProcess>
		<inspectionReqt>VISUAL</inspectionReqt>
		<weldLength unit="mm">256.740000</weldLength>
		<jointStrengthReqt unit="Pa">0.000000</jointStrengthReqt>
		<jointElongationReqt>0</jointElongationReqt>
		<fillerMaterialSpec>STEEL_FILLER_WELD_100KSI</fillerMaterialSpec>
		<weldSide1>
			<incAngle unit="degrees">90.000000</incAngle>
			<leg1Length unit="mm">6.350000</leg1Length>
			<leg2Length unit="mm">6.350000</leg2Length>
			<weldArea unit="mm2">20.161250</weldArea>
			<weldVolume unit="mm3">5176.199325</weldVolume>
		</weldSide1>
		<weldSide2>
			<incAngle unit="degrees">0.000000</incAngle>
			<leg1Length unit="mm">0.000000</leg1Length>
			<leg2Length unit="mm">0.000000</leg2Length>
			<weldArea unit="mm2">0.000000</weldArea>
			<weldVolume unit="mm3">0.000000</weldVolume>
		</weldSide2>
		<part1>
			<id></id>
			<stockNumber></stockNumber>
			<creoName>BUCKET_BRACKET</creoName>
			<stepName></stepName>
			<thickness unit="mm">3.175000</thickness>
			<material id="UNKNOWN">STEEL_MED_CARBON_1045_FORGED</material>
			<component_class></component_class>
		</part1>
		<part2>
			<id></id>
			<stockNumber></stockNumber>
			<creoName>BUCKET_BACK_3</creoName>
			<stepName></stepName>
			<thickness unit="mm">3.175000</thickness>
			<material id="UNKNOWN">STEEL_MED_CARBON_1045_FORGED</material>
			<component_class></component_class>
		</part2>
	</hudatWeld>
	<hudatWeld>
		<name>WELD_524332</name>
		<componentClass>WELD_CLASSB</componentClass>
		<UUID>5f916bae-f0be-47f2-8644-50738e5108b8</UUID>
		<instanceID>Default_Instance_id</instanceID>
		<jointType>tee</jointType>
		<grooveConfiguration>square</grooveConfiguration>
		<weldJointConfiguration>Default_WeldJointConfig</weldJointConfiguration>
		<weldPenetration>partial</weldPenetration>
		<doubleSided>false</doubleSided>
		<materialWeldCompatible>true</materialWeldCompatible>
		<weldProcess>GMAW</weldProcess>
		<inspectionReqt>VISUAL</inspectionReqt>
		<weldLength unit="mm">217.008818</weldLength>
		<jointStrengthReqt unit="Pa">0.000000</jointStrengthReqt>
		<jointElongationReqt>0</jointElongationReqt>
		<fillerMaterialSpec>STEEL_FILLER_WELD_100KSI</fillerMaterialSpec>
		<weldSide1>
			<incAngle unit="degrees">90.000000</incAngle>
			<leg1Length unit="mm">6.350000</leg1Length>
			<leg2Length unit="mm">6.350000</leg2Length>
			<weldArea unit="mm2">20.161250</weldArea>
			<weldVolume unit="mm3">4375.169039</weldVolume>
		</weldSide1>
		<weldSide2>
			<incAngle unit="degrees">0.000000</incAngle>
			<leg1Length unit="mm">0.000000</leg1Length>
			<leg2Length unit="mm">0.000000</leg2Length>
			<weldArea unit="mm2">0.000000</weldArea>
			<weldVolume unit="mm3">0.000000</weldVolume>
		</weldSide2>
		<part1>
			<id></id>
			<stockNumber></stockNumber>
			<creoName>BUCKET_BRACKET</creoName>
			<stepName></stepName>
			<thickness unit="mm">3.175000</thickness>
			<material id="UNKNOWN">STEEL_MED_CARBON_1045_FORGED</material>
			<component_class></component_class>
		</part1>
		<part2>
			<id></id>
			<stockNumber></stockNumber>
			<creoName>BUCKET_BACK_2</creoName>
			<stepName></stepName>
			<thickness unit="mm">3.175000</thickness>
			<material id="UNKNOWN">STEEL_MED_CARBON_1045_FORGED</material>
			<component_class></component_class>
		</part2>
	</hudatWeld>
	<hudatWeld>
		<name>WELD_524333</name>
		<componentClass>WELD_CLASSB</componentClass>
		<UUID>9075b87e-18da-489d-aad4-fe815cff28d1</UUID>
		<instanceID>Default_Instance_id</instanceID>
		<jointType>tee</jointType>
		<grooveConfiguration>square</grooveConfiguration>
		<weldJointConfiguration>Default_WeldJointConfig</weldJointConfiguration>
		<weldPenetration>partial</weldPenetration>
		<doubleSided>false</doubleSided>
		<materialWeldCompatible>true</materialWeldCompatible>
		<weldProcess>GMAW</weldProcess>
		<inspectionReqt>VISUAL</inspectionReqt>
		<weldLength unit="mm">232.991300</weldLength>
		<jointStrengthReqt unit="Pa">0.000000</jointStrengthReqt>
		<jointElongationReqt>0</jointElongationReqt>
		<fillerMaterialSpec>STEEL_FILLER_WELD_100KSI</fillerMaterialSpec>
		<weldSide1>
			<incAngle unit="degrees">90.000000</incAngle>
			<leg1Length unit="mm">6.350000</leg1Length>
			<leg2Length unit="mm">6.350000</leg2Length>
			<weldArea unit="mm2">20.161250</weldArea>
			<weldVolume unit="mm3">4697.395847</weldVolume>
		</weldSide1>
		<weldSide2>
			<incAngle unit="degrees">0.000000</incAngle>
			<leg1Length unit="mm">0.000000</leg1Length>
			<leg2Length unit="mm">0.000000</leg2Length>
			<weldArea unit="mm2">0.000000</weldArea>
			<weldVolume unit="mm3">0.000000</weldVolume>
		</weldSide2>
		<part1>
			<id></id>
			<stockNumber></stockNumber>
			<creoName>BUCKET_BRACKET</creoName>
			<stepName></stepName>
			<thickness unit="mm">3.175000</thickness>
			<material id="UNKNOWN">STEEL_MED_CARBON_1045_FORGED</material>
			<component_class></component_class>
		</part1>
		<part2>
			<id></id>
			<stockNumber></stockNumber>
			<creoName>BUCKET_BACK_3</creoName>
			<stepName></stepName>
			<thickness unit="mm">3.175000</thickness>
			<material id="UNKNOWN">STEEL_MED_CARBON_1045_FORGED</material>
			<component_class></component_class>
		</part2>
	</hudatWeld>
	<hudatWeld>
		<name>WELD_524334</name>
		<componentClass>WELD_CLASSB</componentClass>
		<UUID>7782c7dd-0585-4dbe-8c5a-7d30a8efcb51</UUID>
		<instanceID>Default_Instance_id</instanceID>
		<jointType>tee</jointType>
		<grooveConfiguration>square</grooveConfiguration>
		<weldJointConfiguration>Default_WeldJointConfig</weldJointConfiguration>
		<weldPenetration>partial</weldPenetration>
		<doubleSided>false</doubleSided>
		<materialWeldCompatible>true</materialWeldCompatible>
		<weldProcess>GMAW</weldProcess>
		<inspectionReqt>VISUAL</inspectionReqt>
		<weldLength unit="mm">369.706815</weldLength>
		<jointStrengthReqt unit="Pa">0.000000</jointStrengthReqt>
		<jointElongationReqt>0</jointElongationReqt>
		<fillerMaterialSpec>STEEL_FILLER_WELD_100KSI</fillerMaterialSpec>
		<weldSide1>
			<incAngle unit="degrees">90.000000</incAngle>
			<leg1Length unit="mm">6.350000</leg1Length>
			<leg2Length unit="mm">6.350000</leg2Length>
			<weldArea unit="mm2">20.161250</weldArea>
			<weldVolume unit="mm3">7514.146990</weldVolume>
		</weldSide1>
		<weldSide2>
			<incAngle unit="degrees">0.000000</incAngle>
			<leg1Length unit="mm">0.000000</leg1Length>
			<leg2Length unit="mm">0.000000</leg2Length>
			<weldArea unit="mm2">0.000000</weldArea>
			<weldVolume unit="mm3">0.000000</weldVolume>
		</weldSide2>
		<part1>
			<id></id>
			<stockNumber></stockNumber>
			<creoName>BUCKET_BRACKET</creoName>
			<stepName></stepName>
			<thickness unit="mm">3.175000</thickness>
			<material id="UNKNOWN">STEEL_MED_CARBON_1045_FORGED</material>
			<component_class></component_class>
		</part1>
		<part2>
			<id></id>
			<stockNumber></stockNumber>
			<creoName>BUCKET_BACK_3</creoName>
			<stepName></stepName>
			<thickness unit="mm">3.175000</thickness>
			<material id="UNKNOWN">STEEL_MED_CARBON_1045_FORGED</material>
			<component_class></component_class>
		</part2>
	</hudatWeld>
	<hudatWeld>
		<name>WELD_524335</name>
		<componentClass>WELD_CLASSB</componentClass>
		<UUID>892a57bd-0d20-4f5d-80e1-314e7a1056e7</UUID>
		<instanceID>Default_Instance_id</instanceID>
		<jointType>tee</jointType>
		<grooveConfiguration>square</grooveConfiguration>
		<weldJointConfiguration>Default_WeldJointConfig</weldJointConfiguration>
		<weldPenetration>partial</weldPenetration>
		<doubleSided>false</doubleSided>
		<materialWeldCompatible>true</materialWeldCompatible>
		<weldProcess>GMAW</weldProcess>
		<inspectionReqt>VISUAL</inspectionReqt>
		<weldLength unit="mm">256.740000</weldLength>
		<jointStrengthReqt unit="Pa">0.000000</jointStrengthReqt>
		<jointElongationReqt>0</jointElongationReqt>
		<fillerMaterialSpec>STEEL_FILLER_WELD_100KSI</fillerMaterialSpec>
		<weldSide1>
			<incAngle unit="degrees">90.000000</incAngle>
			<leg1Length unit="mm">6.350000</leg1Length>
			<leg2Length unit="mm">6.350000</leg2Length>
			<weldArea unit="mm2">20.161250</weldArea>
			<weldVolume unit="mm3">5176.199325</weldVolume>
		</weldSide1>
		<weldSide2>
			<incAngle unit="degrees">0.000000</incAngle>
			<leg1Length unit="mm">0.000000</leg1Length>
			<leg2Length unit="mm">0.000000</leg2Length>
			<weldArea unit="mm2">0.000000</weldArea>
			<weldVolume unit="mm3">0.000000</weldVolume>
		</weldSide2>
		<part1>
			<id></id>
			<stockNumber></stockNumber>
			<creoName>BUCKET_BRACKET</creoName>
			<stepName></stepName>
			<thickness unit="mm">3.175000</thickness>
			<material id="UNKNOWN">STEEL_MED_CARBON_1045_FORGED</material>
			<component_class></component_class>
		</part1>
		<part2>
			<id></id>
			<stockNumber></stockNumber>
			<creoName>BUCKET_BACK_3</creoName>
			<stepName></stepName>
			<thickness unit="mm">3.175000</thickness>
			<material id="UNKNOWN">STEEL_MED_CARBON_1045_FORGED</material>
			<component_class></component_class>
		</part2>
	</hudatWeld>
	<hudatWeld>
		<name>WELD_524336</name>
		<componentClass>WELD_CLASSB</componentClass>
		<UUID>9c01f78c-e060-4c93-8cfa-2cb7801e00b2</UUID>
		<instanceID>Default_Instance_id</instanceID>
		<jointType>tee</jointType>
		<grooveConfiguration>square</grooveConfiguration>
		<weldJointConfiguration>Default_WeldJointConfig</weldJointConfiguration>
		<weldPenetration>partial</weldPenetration>
		<doubleSided>false</doubleSided>
		<materialWeldCompatible>true</materialWeldCompatible>
		<weldProcess>GMAW</weldProcess>
		<inspectionReqt>VISUAL</inspectionReqt>
		<weldLength unit="mm">217.008818</weldLength>
		<jointStrengthReqt unit="Pa">0.000000</jointStrengthReqt>
		<jointElongationReqt>0</jointElongationReqt>
		<fillerMaterialSpec>STEEL_FILLER_WELD_100KSI</fillerMaterialSpec>
		<weldSide1>
			<incAngle unit="degrees">90.000000</incAngle>
			<leg1Length unit="mm">6.350000</leg1Length>
			<leg2Length unit="mm">6.350000</leg2Length>
			<weldArea unit="mm2">20.161250</weldArea>
			<weldVolume unit="mm3">4375.169039</weldVolume>
		</weldSide1>
		<weldSide2>
			<incAngle unit="degrees">0.000000</incAngle>
			<leg1Length unit="mm">0.000000</leg1Length>
			<leg2Length unit="mm">0.000000</leg2Length>
			<weldArea unit="mm2">0.000000</weldArea>
			<weldVolume unit="mm3">0.000000</weldVolume>
		</weldSide2>
		<part1>
			<id></id>
			<stockNumber></stockNumber>
			<creoName>BUCKET_BRACKET</creoName>
			<stepName></stepName>
			<thickness unit="mm">3.175000</thickness>
			<material id="UNKNOWN">STEEL_MED_CARBON_1045_FORGED</material>
			<component_class></component_class>
		</part1>
		<part2>
			<id></id>
			<stockNumber></stockNumber>
			<creoName>BUCKET_BACK_2</creoName>
			<stepName></stepName>
			<thickness unit="mm">3.175000</thickness>
			<material id="UNKNOWN">STEEL_MED_CARBON_1045_FORGED</material>
			<component_class></component_class>
		</part2>
	</hudatWeld>
</iFAB:hudatWelds>
