<?xml version="1.0" encoding="UTF-8"?>

<part uuid="130eb4b9-3d37-41e8-bccd-8207ba773afc">
  <name>DAMPER</name>
  <length unit="mm">10.82392220292394</length>
  <width unit="mm">34.0000002</width>
  <height unit="mm">10.82392220292394</height>
  <volume unit="mm3">1415.7810285672138</volume>
  <weight unit="kg">0.011113881074252627</weight>
  <file type="STEP">DAMPER.stp</file>
  <manufacturingDetails>
    <purchased>
      <notes>none</notes>
      <NSN></NSN>
      <supplier>
        <CAGEIdentifier>
          <CAGECode>
            <code>N/A</code>
          </CAGECode>
        </CAGEIdentifier>
        <catalogNumber>3692K15</catalogNumber>
        <componentInfo>N/A</componentInfo>
        <FOB>Origin</FOB>
        <leadTime>2.0</leadTime>
        <leadTimeBasis></leadTimeBasis>
        <leadTimeUncertainty>0.0</leadTimeUncertainty>
        <packaging>Box</packaging>
        <partDescription>Damper Part</partDescription>
        <paymentTerms>30</paymentTerms>
        <price>34.71</price>
        <quantity>1</quantity>
        <shipmentDimensions>{0.05,0.05,0.05}</shipmentDimensions>
        <shippingMass>1.0</shippingMass>
        <shippingPointAddress>McMaster-Carr Supply Co., 600 N. County Line Road, Elmhurst, IL 60126-2081</shippingPointAddress>
        <transportationNeeds/>
        <unitOfIssue>1</unitOfIssue>
      </supplier>
    </purchased>
  </manufacturingDetails>
  <instances>
    <instance uuid="21f1f55c-5e9f-4e0c-8195-f997ff690138">
      <transformation m11="1.0" m12="0.0" m13="0.0" m14="0.0" m21="0.0" m22="1.0" m23="0.0" m24="0.0" m31="0.0" m32="0.0" m33="1.0" m34="0.0"/>
      <color r="1.0" g="1.0" b="0.0"/>
    </instance>
  </instances>
</part>
