<?xml version="1.0" encoding="UTF-8"?>

<part uuid="fd4e7a0e-4e52-480c-a648-06ca78a4c337">
  <name>STEEL_SPRING</name>
  <length unit="mm">17.065286414528998</length>
  <width unit="mm">17.065920705219</width>
  <height unit="mm">40.0000002</height>
  <volume unit="mm3">1242.5456597221284</volume>
  <weight unit="kg">0.009753983428818707</weight>
  <file type="STEP">STEEL_SPRING.stp</file>
  <manufacturingDetails>
    <purchased>
      <notes></notes>
      <NSN></NSN>
      <supplier>
        <CAGEIdentifier>
          <CAGECode>
            <code></code>
          </CAGECode>
        </CAGEIdentifier>
        <catalogNumber></catalogNumber>
        <componentInfo></componentInfo>
        <leadTime>2.0</leadTime>
        <leadTimeBasis></leadTimeBasis>
        <leadTimeUncertainty>0.0</leadTimeUncertainty>
        <packaging>Box</packaging>
        <partDescription></partDescription>
        <paymentTerms></paymentTerms>
        <price>9.13</price>
        <quantity>1</quantity>
        <shipmentDimensions>{0.1,0.1,0.1}</shipmentDimensions>
        <shippingMass>2.0</shippingMass>
        <shippingPointAddress>McMaster-Carr Supply Co., 600 N. County Line Road, Elmhurst, IL 60126-2081</shippingPointAddress>
        <transportationNeeds/>
        <unitOfIssue></unitOfIssue>
      </supplier>
    </purchased>
  </manufacturingDetails>
  <instances>
    <instance uuid="9282e9b4-941e-47db-822e-80235433cb97">
      <transformation m11="1.0" m12="0.0" m13="0.0" m14="0.0" m21="0.0" m22="1.0" m23="0.0" m24="0.0" m31="0.0" m32="0.0" m33="1.0" m34="0.0"/>
      <color r="1.0" g="1.0" b="0.0"/>
    </instance>
  </instances>
</part>
