<?xml version="1.0" encoding="UTF-8"?>

<part uuid="6df6f316-bbeb-4bfd-bb69-6769a8db6040">
  <name>TITANIUM_MASS</name>
  <length unit="mm">50.0000002</length>
  <width unit="mm">12.000000199999999</width>
  <height unit="mm">50.0000002</height>
  <volume unit="mm3">25000.0</volume>
  <weight unit="kg">0.19624999999999998</weight>
  <file type="STEP">TITANIUM_MASS.stp</file>
  <manufacturingDetails>
    <purchased>
      <notes></notes>
      <NSN></NSN>
      <supplier>
        <CAGEIdentifier>
          <CAGECode>
            <code></code>
          </CAGECode>
        </CAGEIdentifier>
        <catalogNumber></catalogNumber>
        <componentInfo></componentInfo>
        <leadTime>5.0</leadTime>
        <leadTimeBasis></leadTimeBasis>
        <leadTimeUncertainty>0.0</leadTimeUncertainty>
        <packaging>Box</packaging>
        <partDescription></partDescription>
        <paymentTerms>COD</paymentTerms>
        <price>150.0</price>
        <quantity>1</quantity>
        <shipmentDimensions>{0.1,0.1,0.1}</shipmentDimensions>
        <shippingMass>2.0</shippingMass>
        <shippingPointAddress>McMaster-Carr Supply Co., 600 N. County Line Road, Elmhurst, IL 60126-2081</shippingPointAddress>
        <transportationNeeds/>
        <unitOfIssue>1</unitOfIssue>
      </supplier>
    </purchased>
  </manufacturingDetails>
  <instances>
    <instance uuid="c65d9cf1-a8c6-4ba4-8a76-2f665df49234">
      <transformation m11="1.0" m12="0.0" m13="0.0" m14="0.0" m21="0.0" m22="1.0" m23="0.0" m24="0.0" m31="0.0" m32="0.0" m33="1.0" m34="0.0"/>
      <color r="1.0" g="1.0" b="0.0"/>
    </instance>
  </instances>
</part>
