<parts><part uuid="aa230154-92cd-4061-bdf1-09a792895c95"><name>SHEET_PLATE_1</name><length unit="mm">1500.0000000000007</length><width unit="mm">890.8292405244302</width><height unit="mm">12.7</height><volume unit="mm3">1.367176775128391E7</volume><weight unit="kg">107.59681220260435</weight><file type="STEP">sheet_plate_1_prt.stp</file><file type="STEP">sheet_plate_1_prt.stp</file><manufacturingDetails><plate><notes></notes><material><carbonSteel>1045</carbonSteel></material><planarFaces><generalTolerance unit="mm">0.254</generalTolerance><surfaceRoughness unit="mm">0.0015880000000000002</surfaceRoughness></planarFaces><bends><bendAngleTolerance unit="degrees">0.1</bendAngleTolerance></bends><simpleHoles><diametricalTolerance unit="mm">0.127</diametricalTolerance><positionalTolerance unit="mm">0.127</positionalTolerance><surfaceRoughness unit="mm">0.0015880000000000002</surfaceRoughness><threaded>false</threaded></simpleHoles><complexHoles><generalTolerance unit="mm">0.254</generalTolerance><surfaceRoughness unit="mm">0.0015880000000000002</surfaceRoughness></complexHoles><inorganicCoatings/><organicCoatings/></plate></manufacturingDetails><instances><instance uuid="d15a2571-0bcc-4c67-83f4-38175f426c04"><transformation m11="1.0" m12="-6.938893903907264E-18" m13="-3.207512891909967E-16" m14="0.0" m21="6.938893903907117E-18" m22="1.0" m23="-4.588791473173236E-16" m24="0.0" m31="3.207512891909967E-16" m32="4.588791473173236E-16" m33="1.0" m34="0.0"/><color r="0.5" g="0.5" b="0.5"/></instance><instance uuid="70c15c8c-77e2-49e5-956b-d1eda11b7bb4"><transformation m11="1.0" m12="2.7755575615628914E-17" m13="-3.2075128919099676E-16" m14="0.0" m21="-2.7755575615628914E-17" m22="1.0" m23="-4.588791473173236E-16" m24="0.0" m31="3.207512891909967E-16" m32="4.588791473173237E-16" m33="1.0000000000000002" m34="0.0"/><color r="0.5" g="0.5" b="0.5"/></instance></instances></part><part uuid="bfb9e337-3640-41d4-be4b-10abee9ece55"><name>SHEET_PLATE_2</name><length unit="mm">1580.9166505459991</length><width unit="mm">544.5269538360855</width><height unit="mm">25.4</height><volume unit="mm3">1.3747168273472816E7</volume><weight unit="kg">108.19021431223105</weight><file type="STEP">sheet_plate_2_prt.stp</file><file type="STEP">sheet_plate_2_prt.stp</file><manufacturingDetails><plate><notes></notes><material><carbonSteel>1045</carbonSteel></material><planarFaces><generalTolerance unit="mm">0.254</generalTolerance><surfaceRoughness unit="mm">0.0015880000000000002</surfaceRoughness></planarFaces><bends><bendAngleTolerance unit="degrees">0.1</bendAngleTolerance></bends><simpleHoles><diametricalTolerance unit="mm">0.127</diametricalTolerance><positionalTolerance unit="mm">0.127</positionalTolerance><surfaceRoughness unit="mm">0.0015880000000000002</surfaceRoughness><threaded>false</threaded></simpleHoles><complexHoles><generalTolerance unit="mm">0.254</generalTolerance><surfaceRoughness unit="mm">0.0015880000000000002</surfaceRoughness></complexHoles><inorganicCoatings/><organicCoatings/></plate></manufacturingDetails><instances><instance uuid="7a29b101-168d-4782-913d-2f22fce57215"><transformation m11="1.0" m12="-6.938893903907264E-18" m13="-3.207512891909967E-16" m14="0.0" m21="6.938893903907117E-18" m22="1.0" m23="-4.588791473173236E-16" m24="0.0" m31="3.207512891909967E-16" m32="4.588791473173236E-16" m33="1.0" m34="0.0"/><color r="0.5" g="0.5" b="0.5"/></instance><instance uuid="e0d41a93-bb3f-4576-8b64-e0e41859f8ce"><transformation m11="1.0" m12="2.7755575615628914E-17" m13="-3.2075128919099676E-16" m14="0.0" m21="-2.775557561562907E-17" m22="1.0" m23="-4.588791473173236E-16" m24="0.0" m31="3.2075128919099667E-16" m32="4.588791473173236E-16" m33="1.0" m34="0.0"/><color r="0.5" g="0.5" b="0.5"/></instance></instances></part><part uuid="762f5ceb-1d75-4b8b-8c13-95d91534fb56"><name>SHEET_PLATE_3</name><length unit="mm">1220.3828631415727</length><width unit="mm">1006.172085228329</width><height unit="mm">25.4</height><volume unit="mm3">2.2772611448313117E7</volume><weight unit="kg">179.2204520982242</weight><file type="STEP">sheet_plate_3_prt.stp</file><file type="STEP">sheet_plate_3_prt.stp</file><manufacturingDetails><plate><notes></notes><material><carbonSteel>1045</carbonSteel></material><planarFaces><generalTolerance unit="mm">0.254</generalTolerance><surfaceRoughness unit="mm">0.0015880000000000002</surfaceRoughness></planarFaces><bends><bendAngleTolerance unit="degrees">0.1</bendAngleTolerance></bends><simpleHoles><diametricalTolerance unit="mm">0.127</diametricalTolerance><positionalTolerance unit="mm">0.127</positionalTolerance><surfaceRoughness unit="mm">0.0015880000000000002</surfaceRoughness><threaded>false</threaded></simpleHoles><complexHoles><generalTolerance unit="mm">0.254</generalTolerance><surfaceRoughness unit="mm">0.0015880000000000002</surfaceRoughness></complexHoles><inorganicCoatings/><organicCoatings/></plate></manufacturingDetails><instances><instance uuid="2c5179b7-f84b-4878-91cb-f724f672e48e"><transformation m11="1.0" m12="-6.938893903907264E-18" m13="-3.207512891909967E-16" m14="0.0" m21="6.938893903907117E-18" m22="1.0" m23="-4.588791473173236E-16" m24="0.0" m31="3.207512891909967E-16" m32="4.588791473173236E-16" m33="1.0" m34="0.0"/><color r="0.5" g="0.5" b="0.5"/></instance><instance uuid="3d5afc8e-239d-4f7c-8185-4c2950a6d254"><transformation m11="1.0" m12="2.7755575615628914E-17" m13="-3.2075128919099676E-16" m14="0.0" m21="4.718447854656915E-16" m22="1.0" m23="-4.588791473173238E-16" m24="0.0" m31="3.2075128919099676E-16" m32="4.588791473173236E-16" m33="1.0" m34="0.0"/><color r="0.5" g="0.5" b="0.5"/></instance></instances></part><part uuid="efe95673-2dcc-407a-bef1-7f49b6cf07b1"><name>SUPPORT_PLATE_1_2</name><length unit="mm">25.40000000000009</length><width unit="mm">547.4589798633801</width><height unit="mm">500.0</height><volume unit="mm3">6915492.31371831</volume><weight unit="kg">54.424924508963095</weight><file type="STEP">support_plate_1_2_prt.stp</file><file type="STEP">support_plate_1_2_prt.stp</file><manufacturingDetails><plate><notes></notes><material><carbonSteel>1045</carbonSteel></material><planarFaces><generalTolerance unit="mm">0.254</generalTolerance><surfaceRoughness unit="mm">0.0015880000000000002</surfaceRoughness></planarFaces><bends><bendAngleTolerance unit="degrees">0.1</bendAngleTolerance></bends><simpleHoles><diametricalTolerance unit="mm">0.127</diametricalTolerance><positionalTolerance unit="mm">0.127</positionalTolerance><surfaceRoughness unit="mm">0.0015880000000000002</surfaceRoughness><threaded>false</threaded></simpleHoles><complexHoles><generalTolerance unit="mm">0.254</generalTolerance><surfaceRoughness unit="mm">0.0015880000000000002</surfaceRoughness></complexHoles><inorganicCoatings/><organicCoatings/></plate></manufacturingDetails><instances><instance uuid="68eb1d41-03ce-40f4-ba10-acd8b4a2ffb2"><transformation m11="1.0" m12="3.5527136788004583E-15" m13="-3.207512891909983E-16" m14="0.0" m21="6.9388939039070335E-18" m22="0.999999999999988" m23="-4.588791473173181E-16" m24="0.0" m31="3.2075128919099667E-16" m32="4.588791473173236E-16" m33="1.0" m34="0.0"/><color r="0.5" g="0.5" b="0.5"/></instance></instances></part><part uuid="66fcfa2f-e118-4515-8528-51b1a108205f"><name>SUPPORT_PLATE_1_3</name><length unit="mm">25.400000000000038</length><width unit="mm">893.7612665517249</width><height unit="mm">500.0</height><volume unit="mm3">1.131353135466028E7</volume><weight unit="kg">89.0374917611764</weight><file type="STEP">support_plate_1_3_prt.stp</file><file type="STEP">support_plate_1_3_prt.stp</file><manufacturingDetails><plate><notes></notes><material><carbonSteel>1045</carbonSteel></material><planarFaces><generalTolerance unit="mm">0.254</generalTolerance><surfaceRoughness unit="mm">0.0015880000000000002</surfaceRoughness></planarFaces><bends><bendAngleTolerance unit="degrees">0.1</bendAngleTolerance></bends><simpleHoles><diametricalTolerance unit="mm">0.127</diametricalTolerance><positionalTolerance unit="mm">0.127</positionalTolerance><surfaceRoughness unit="mm">0.0015880000000000002</surfaceRoughness><threaded>false</threaded></simpleHoles><complexHoles><generalTolerance unit="mm">0.254</generalTolerance><surfaceRoughness unit="mm">0.0015880000000000002</surfaceRoughness></complexHoles><inorganicCoatings/><organicCoatings/></plate></manufacturingDetails><instances><instance uuid="a6608db9-a23d-4d2e-8e5a-22d2902465dc"><transformation m11="1.0" m12="-2.664535259100398E-15" m13="-3.207512891909958E-16" m14="0.0" m21="6.938893903907175E-18" m22="1.0000000000000084" m23="-4.588791473173275E-16" m24="0.0" m31="3.2075128919099667E-16" m32="4.588791473173236E-16" m33="1.0" m34="0.0"/><color r="0.5" g="0.5" b="0.5"/></instance></instances></part><part uuid="fa7e57fa-b848-440c-91a9-5f67a9491920"><name>ARM_CASING_1</name><length unit="mm">2706.316627751448</length><width unit="mm">848.6309637197494</width><height unit="mm">550.8000000000001</height><volume unit="mm3">7.808410879463607E7</volume><weight unit="kg">614.5219362137858</weight><file type="STEP">arm_casing_1_prt.stp</file><file type="STEP">arm_casing_1_prt.stp</file><manufacturingDetails><plate><notes></notes><material><carbonSteel>1045</carbonSteel></material><planarFaces><generalTolerance unit="mm">0.254</generalTolerance><surfaceRoughness unit="mm">0.0015880000000000002</surfaceRoughness></planarFaces><bends><bendAngleTolerance unit="degrees">0.1</bendAngleTolerance></bends><simpleHoles><diametricalTolerance unit="mm">0.127</diametricalTolerance><positionalTolerance unit="mm">0.127</positionalTolerance><surfaceRoughness unit="mm">0.0015880000000000002</surfaceRoughness><threaded>false</threaded></simpleHoles><complexHoles><generalTolerance unit="mm">0.254</generalTolerance><surfaceRoughness unit="mm">0.0015880000000000002</surfaceRoughness></complexHoles><inorganicCoatings/><organicCoatings/></plate></manufacturingDetails><instances><instance uuid="234d620c-b49e-4dd3-b293-796da6dc31c5"><transformation m11="1.0" m12="0.0" m13="-3.207512891909968E-16" m14="0.0" m21="6.938893903907117E-18" m22="1.0" m23="-4.588791473173236E-16" m24="0.0" m31="3.2075128919099667E-16" m32="4.588791473173236E-16" m33="1.0" m34="0.0"/><color r="0.5" g="0.5" b="0.5"/></instance></instances></part><part uuid="2c4467e7-3d7a-49c4-a042-960e44b4842f"><name>ARM_CASING_2</name><length unit="mm">1282.1075776382313</length><width unit="mm">625.4831978855491</width><height unit="mm">550.8000000000002</height><volume unit="mm3">1.8919816340910442E7</volume><weight unit="kg">148.89895460296518</weight><file type="STEP">arm_casing_2_prt.stp</file><file type="STEP">arm_casing_2_prt.stp</file><manufacturingDetails><plate><notes></notes><material><carbonSteel>1045</carbonSteel></material><planarFaces><generalTolerance unit="mm">0.254</generalTolerance><surfaceRoughness unit="mm">0.0015880000000000002</surfaceRoughness></planarFaces><bends><bendAngleTolerance unit="degrees">0.1</bendAngleTolerance></bends><simpleHoles><diametricalTolerance unit="mm">0.127</diametricalTolerance><positionalTolerance unit="mm">0.127</positionalTolerance><surfaceRoughness unit="mm">0.0015880000000000002</surfaceRoughness><threaded>false</threaded></simpleHoles><complexHoles><generalTolerance unit="mm">0.254</generalTolerance><surfaceRoughness unit="mm">0.0015880000000000002</surfaceRoughness></complexHoles><inorganicCoatings/><organicCoatings/></plate></manufacturingDetails><instances><instance uuid="a5286a21-806c-4910-9340-1a3e6a1000c9"><transformation m11="0.9991976651661438" m12="-0.04005029246493525" m13="-3.0211569520255557E-16" m14="0.0" m21="0.04005029246493525" m22="0.9991976651661438" m23="-4.713571555335051E-16" m24="0.0" m31="3.2075128919099676E-16" m32="4.588791473173237E-16" m33="1.0000000000000002" m34="0.0"/><color r="0.5" g="0.5" b="0.5"/></instance></instances></part><part uuid="d35848f0-a611-40af-8583-88199240c450"><name>ARM_CASING_3</name><length unit="mm">1724.8012933905388</length><width unit="mm">1800.378505646635</width><height unit="mm">550.8000000000001</height><volume unit="mm3">3.2545801953673556E7</volume><weight unit="kg">256.13546137541084</weight><file type="STEP">arm_casing_3_prt.stp</file><file type="STEP">arm_casing_3_prt.stp</file><manufacturingDetails><plate><notes></notes><material><carbonSteel>1045</carbonSteel></material><planarFaces><generalTolerance unit="mm">0.254</generalTolerance><surfaceRoughness unit="mm">0.0015880000000000002</surfaceRoughness></planarFaces><bends><bendAngleTolerance unit="degrees">0.1</bendAngleTolerance></bends><simpleHoles><diametricalTolerance unit="mm">0.127</diametricalTolerance><positionalTolerance unit="mm">0.127</positionalTolerance><surfaceRoughness unit="mm">0.0015880000000000002</surfaceRoughness><threaded>false</threaded></simpleHoles><complexHoles><generalTolerance unit="mm">0.254</generalTolerance><surfaceRoughness unit="mm">0.0015880000000000002</surfaceRoughness></complexHoles><inorganicCoatings/><organicCoatings/></plate></manufacturingDetails><instances><instance uuid="a8d02f03-83cf-499e-9c3f-f3c47f0f9a41"><transformation m11="1.0" m12="4.0735290025565845E-15" m13="-4.853801664524571E-16" m14="0.0" m21="-4.073529002556586E-15" m22="1.0" m23="-2.2225759930584625E-15" m24="0.0" m31="4.85380166452448E-16" m32="2.222575993058465E-15" m33="1.0" m34="0.0"/><color r="0.5" g="0.5" b="0.5"/></instance></instances></part><part uuid="95b5f952-b4bc-4fad-9ce5-41691aec8376"><name>ARM_CYLINDER_MOUNT</name><length unit="mm">556.7487141422195</length><width unit="mm">450.5927447172081</width><height unit="mm">25.4</height><volume unit="mm3">2181954.8117727037</volume><weight unit="kg">17.171984368651177</weight><file type="STEP">arm_cylinder_mount_prt.stp</file><file type="STEP">arm_cylinder_mount_prt.stp</file><manufacturingDetails><plate><notes></notes><material><carbonSteel>1045</carbonSteel></material><planarFaces><generalTolerance unit="mm">0.254</generalTolerance><surfaceRoughness unit="mm">0.0015880000000000002</surfaceRoughness></planarFaces><bends><bendAngleTolerance unit="degrees">0.1</bendAngleTolerance></bends><simpleHoles><diametricalTolerance unit="mm">0.127</diametricalTolerance><positionalTolerance unit="mm">0.127</positionalTolerance><surfaceRoughness unit="mm">0.0015880000000000002</surfaceRoughness><threaded>false</threaded></simpleHoles><complexHoles><generalTolerance unit="mm">0.254</generalTolerance><surfaceRoughness unit="mm">0.0015880000000000002</surfaceRoughness></complexHoles><inorganicCoatings/><organicCoatings/></plate></manufacturingDetails><instances><instance uuid="f18a82e9-107b-4a3d-99f2-10c0a6966e58"><transformation m11="0.9981711224886692" m12="-0.060451718170042745" m13="-1.0666030123137246E-15" m14="0.0" m21="0.060451718170042745" m22="0.9981711224886692" m23="-1.8411024762345845E-15" m24="0.0" m31="3.207512891909967E-16" m32="4.588791473173236E-16" m33="1.0" m34="0.0"/><color r="0.5" g="0.5" b="0.5"/></instance><instance uuid="b9b6ebb0-d215-4b11-aa78-c7c1a767afb1"><transformation m11="0.9981711224886692" m12="-0.060451718170042745" m13="-3.50133928037704E-16" m14="0.0" m21="0.060451718170042745" m22="0.9981711224886692" m23="-2.2478532388352475E-15" m24="0.0" m31="4.853801664524479E-16" m32="2.222575993058464E-15" m33="1.0" m34="0.0"/><color r="0.5" g="0.5" b="0.5"/></instance></instances></part><part uuid="227081af-7ce4-4d45-98df-119c9b75a370"><name>BUCKET_CYLINDER_MOUNT</name><length unit="mm">537.6825171648948</length><width unit="mm">392.5096033572313</width><height unit="mm">25.4</height><volume unit="mm3">2340508.8664970477</volume><weight unit="kg">18.419804779331763</weight><file type="STEP">bucket_cylinder_mount_prt.stp</file><file type="STEP">bucket_cylinder_mount_prt.stp</file><manufacturingDetails><plate><notes></notes><material><carbonSteel>1045</carbonSteel></material><planarFaces><generalTolerance unit="mm">0.254</generalTolerance><surfaceRoughness unit="mm">0.0015880000000000002</surfaceRoughness></planarFaces><bends><bendAngleTolerance unit="degrees">0.1</bendAngleTolerance></bends><simpleHoles><diametricalTolerance unit="mm">0.127</diametricalTolerance><positionalTolerance unit="mm">0.127</positionalTolerance><surfaceRoughness unit="mm">0.0015880000000000002</surfaceRoughness><threaded>false</threaded></simpleHoles><complexHoles><generalTolerance unit="mm">0.254</generalTolerance><surfaceRoughness unit="mm">0.0015880000000000002</surfaceRoughness></complexHoles><inorganicCoatings/><organicCoatings/></plate></manufacturingDetails><instances><instance uuid="d0a962f9-449d-4aed-8719-c964cb12551c"><transformation m11="0.9781820368641447" m12="-0.2077496155383045" m13="-2.1842118295393045E-16" m14="0.0" m21="0.2077496155383045" m22="0.9781820368641447" m23="-5.155032960101866E-16" m24="0.0" m31="3.2075128919099667E-16" m32="4.588791473173237E-16" m33="1.0000000000000002" m34="0.0"/><color r="0.5" g="0.5" b="0.5"/></instance><instance uuid="1f6d2aa8-fe33-45c7-8fc6-eabd6ed5fccf"><transformation m11="0.9781820368641447" m12="-0.2077496155383045" m13="-2.1842118295393045E-16" m14="0.0" m21="0.2077496155383045" m22="0.9781820368641447" m23="-5.155032960101866E-16" m24="0.0" m31="3.2075128919099667E-16" m32="4.588791473173237E-16" m33="1.0000000000000002" m34="0.0"/><color r="0.5" g="0.5" b="0.5"/></instance></instances></part><subassemblies/><specialDetails/><assembly><name></name><unusedParts/><assemblyDetails><assemblyDetail><name>SHEET_PLATE_1 - SHEET_PLATE_2</name><part1 id="d15a2571-0bcc-4c67-83f4-38175f426c04">SHEET_PLATE_1</part1><part2 id="7a29b101-168d-4782-913d-2f22fce57215">SHEET_PLATE_2</part2><welded><length unit="mm">544.527</length><jointType>Butt</jointType><twoSided>True</twoSided><weldType>Seam</weldType><weldPenetration>Full</weldPenetration><inspectionRequirement>Visual</inspectionRequirement><part1Thickness unit="mm">12.7</part1Thickness><part1Material>Steel</part1Material><part2Thickness unit="mm">25.4</part2Thickness><part2Material>Steel</part2Material></welded></assemblyDetail><assemblyDetail><name>SHEET_PLATE_1 - SHEET_PLATE_2</name><part1 id="70c15c8c-77e2-49e5-956b-d1eda11b7bb4">SHEET_PLATE_1</part1><part2 id="e0d41a93-bb3f-4576-8b64-e0e41859f8ce">SHEET_PLATE_2</part2><welded><length unit="mm">544.527</length><jointType>Butt</jointType><twoSided>True</twoSided><weldType>Seam</weldType><weldPenetration>Full</weldPenetration><inspectionRequirement>Visual</inspectionRequirement><part1Thickness unit="mm">12.7</part1Thickness><part1Material>Steel</part1Material><part2Thickness unit="mm">25.4</part2Thickness><part2Material>Steel</part2Material></welded></assemblyDetail><assemblyDetail><name>SHEET_PLATE_1 - SHEET_PLATE_3</name><part1 id="d15a2571-0bcc-4c67-83f4-38175f426c04">SHEET_PLATE_1</part1><part2 id="2c5179b7-f84b-4878-91cb-f724f672e48e">SHEET_PLATE_3</part2><welded><length unit="mm">890.829</length><jointType>Butt</jointType><twoSided>True</twoSided><weldType>Seam</weldType><weldPenetration>Full</weldPenetration><inspectionRequirement>Visual</inspectionRequirement><part1Thickness unit="mm">12.7</part1Thickness><part1Material>Steel</part1Material><part2Thickness unit="mm">25.4</part2Thickness><part2Material>Steel</part2Material></welded></assemblyDetail><assemblyDetail><name>SHEET_PLATE_1 - SHEET_PLATE_3</name><part1 id="70c15c8c-77e2-49e5-956b-d1eda11b7bb4">SHEET_PLATE_1</part1><part2 id="3d5afc8e-239d-4f7c-8185-4c2950a6d254">SHEET_PLATE_3</part2><welded><length unit="mm">890.829</length><jointType>Butt</jointType><twoSided>True</twoSided><weldType>Seam</weldType><weldPenetration>Full</weldPenetration><inspectionRequirement>Visual</inspectionRequirement><part1Thickness unit="mm">12.7</part1Thickness><part1Material>Steel</part1Material><part2Thickness unit="mm">25.4</part2Thickness><part2Material>Steel</part2Material></welded></assemblyDetail><assemblyDetail><name>SHEET_PLATE_1 - SUPPORT_PLATE_1_2</name><part1 id="d15a2571-0bcc-4c67-83f4-38175f426c04">SHEET_PLATE_1</part1><part2 id="68eb1d41-03ce-40f4-ba10-acd8b4a2ffb2">SUPPORT_PLATE_1_2</part2><welded><length unit="mm">547.459</length><jointType>Corner</jointType><twoSided>True</twoSided><weldType>Seam</weldType><weldPenetration>Full</weldPenetration><part1Thickness unit="mm">12.7</part1Thickness><part1Material>Steel</part1Material><part2Thickness unit="mm">25.4</part2Thickness><part2Material>Steel</part2Material></welded></assemblyDetail><assemblyDetail><name>SHEET_PLATE_1 - SUPPORT_PLATE_1_2</name><part1 id="70c15c8c-77e2-49e5-956b-d1eda11b7bb4">SHEET_PLATE_1</part1><part2 id="68eb1d41-03ce-40f4-ba10-acd8b4a2ffb2">SUPPORT_PLATE_1_2</part2><welded><length unit="mm">547.459</length><jointType>Corner</jointType><twoSided>True</twoSided><weldType>Seam</weldType><weldPenetration>Full</weldPenetration><part1Thickness unit="mm">12.7</part1Thickness><part1Material>Steel</part1Material><part2Thickness unit="mm">25.4</part2Thickness><part2Material>Steel</part2Material></welded></assemblyDetail><assemblyDetail><name>SHEET_PLATE_1 - SUPPORT_PLATE_1_3</name><part1 id="d15a2571-0bcc-4c67-83f4-38175f426c04">SHEET_PLATE_1</part1><part2 id="a6608db9-a23d-4d2e-8e5a-22d2902465dc">SUPPORT_PLATE_1_3</part2><welded><length unit="mm">887.897</length><jointType>Corner</jointType><twoSided>True</twoSided><weldType>Seam</weldType><weldPenetration>Full</weldPenetration><part1Thickness unit="mm">12.7</part1Thickness><part1Material>Steel</part1Material><part2Thickness unit="mm">25.4</part2Thickness><part2Material>Steel</part2Material></welded></assemblyDetail><assemblyDetail><name>SHEET_PLATE_1 - SUPPORT_PLATE_1_3</name><part1 id="70c15c8c-77e2-49e5-956b-d1eda11b7bb4">SHEET_PLATE_1</part1><part2 id="a6608db9-a23d-4d2e-8e5a-22d2902465dc">SUPPORT_PLATE_1_3</part2><welded><length unit="mm">887.897</length><jointType>Corner</jointType><twoSided>True</twoSided><weldType>Seam</weldType><weldPenetration>Full</weldPenetration><part1Thickness unit="mm">12.7</part1Thickness><part1Material>Steel</part1Material><part2Thickness unit="mm">25.4</part2Thickness><part2Material>Steel</part2Material></welded></assemblyDetail><assemblyDetail><name>ARM_CASING_1 - SHEET_PLATE_1</name><part1 id="234d620c-b49e-4dd3-b293-796da6dc31c5">ARM_CASING_1</part1><part2 id="d15a2571-0bcc-4c67-83f4-38175f426c04">SHEET_PLATE_1</part2><welded><length unit="mm">1128.93</length><jointType>Corner</jointType><twoSided>False</twoSided><weldType>Seam</weldType><weldPenetration>Full</weldPenetration><part1Thickness unit="mm">12.7</part1Thickness><part1Material>Steel</part1Material><part2Thickness unit="mm">25.4</part2Thickness><part2Material>Steel</part2Material></welded></assemblyDetail><assemblyDetail><name>ARM_CASING_1 - SHEET_PLATE_1</name><part1 id="234d620c-b49e-4dd3-b293-796da6dc31c5">ARM_CASING_1</part1><part2 id="70c15c8c-77e2-49e5-956b-d1eda11b7bb4">SHEET_PLATE_1</part2><welded><length unit="mm">1128.93</length><jointType>Corner</jointType><twoSided>False</twoSided><weldType>Seam</weldType><weldPenetration>Full</weldPenetration><part1Thickness unit="mm">12.7</part1Thickness><part1Material>Steel</part1Material><part2Thickness unit="mm">25.4</part2Thickness><part2Material>Steel</part2Material></welded></assemblyDetail><assemblyDetail><name>ARM_CASING_2 - SHEET_PLATE_1</name><part1 id="a5286a21-806c-4910-9340-1a3e6a1000c9">ARM_CASING_2</part1><part2 id="d15a2571-0bcc-4c67-83f4-38175f426c04">SHEET_PLATE_1</part2><welded><length unit="mm">410.522</length><jointType>Corner</jointType><twoSided>True</twoSided><weldType>Seam</weldType><weldPenetration>Full</weldPenetration><part1Thickness unit="mm">12.7</part1Thickness><part1Material>Steel</part1Material><part2Thickness unit="mm">25.4</part2Thickness><part2Material>Steel</part2Material></welded></assemblyDetail><assemblyDetail><name>ARM_CASING_2 - SHEET_PLATE_1</name><part1 id="a5286a21-806c-4910-9340-1a3e6a1000c9">ARM_CASING_2</part1><part2 id="70c15c8c-77e2-49e5-956b-d1eda11b7bb4">SHEET_PLATE_1</part2><welded><length unit="mm">410.522</length><jointType>Corner</jointType><twoSided>True</twoSided><weldType>Seam</weldType><weldPenetration>Full</weldPenetration><part1Thickness unit="mm">12.7</part1Thickness><part1Material>Steel</part1Material><part2Thickness unit="mm">25.4</part2Thickness><part2Material>Steel</part2Material></welded></assemblyDetail><assemblyDetail><name>ARM_CASING_3 - SHEET_PLATE_1</name><part1 id="a8d02f03-83cf-499e-9c3f-f3c47f0f9a41">ARM_CASING_3</part1><part2 id="d15a2571-0bcc-4c67-83f4-38175f426c04">SHEET_PLATE_1</part2><welded><length unit="mm">400.0</length><jointType>Corner</jointType><twoSided>True</twoSided><weldType>Seam</weldType><weldPenetration>Full</weldPenetration><part1Thickness unit="mm">12.7</part1Thickness><part1Material>Steel</part1Material><part2Thickness unit="mm">25.4</part2Thickness><part2Material>Steel</part2Material></welded></assemblyDetail><assemblyDetail><name>ARM_CASING_3 - SHEET_PLATE_1</name><part1 id="a8d02f03-83cf-499e-9c3f-f3c47f0f9a41">ARM_CASING_3</part1><part2 id="70c15c8c-77e2-49e5-956b-d1eda11b7bb4">SHEET_PLATE_1</part2><welded><length unit="mm">400.0</length><jointType>Corner</jointType><twoSided>True</twoSided><weldType>Seam</weldType><weldPenetration>Full</weldPenetration><part1Thickness unit="mm">12.7</part1Thickness><part1Material>Steel</part1Material><part2Thickness unit="mm">25.4</part2Thickness><part2Material>Steel</part2Material></welded></assemblyDetail><assemblyDetail><name>SHEET_PLATE_2 - SUPPORT_PLATE_1_2</name><part1 id="7a29b101-168d-4782-913d-2f22fce57215">SHEET_PLATE_2</part1><part2 id="68eb1d41-03ce-40f4-ba10-acd8b4a2ffb2">SUPPORT_PLATE_1_2</part2><welded><length unit="mm">544.527</length><jointType>Tee</jointType><twoSided>True</twoSided><weldType>Seam</weldType><weldPenetration>Full</weldPenetration><part1Thickness unit="mm">25.4</part1Thickness><part1Material>Steel</part1Material><part2Thickness unit="mm">25.4</part2Thickness><part2Material>Steel</part2Material></welded></assemblyDetail><assemblyDetail><name>SHEET_PLATE_2 - SUPPORT_PLATE_1_2</name><part1 id="e0d41a93-bb3f-4576-8b64-e0e41859f8ce">SHEET_PLATE_2</part1><part2 id="68eb1d41-03ce-40f4-ba10-acd8b4a2ffb2">SUPPORT_PLATE_1_2</part2><welded><length unit="mm">544.527</length><jointType>Tee</jointType><twoSided>True</twoSided><weldType>Seam</weldType><weldPenetration>Full</weldPenetration><part1Thickness unit="mm">25.4</part1Thickness><part1Material>Steel</part1Material><part2Thickness unit="mm">25.4</part2Thickness><part2Material>Steel</part2Material></welded></assemblyDetail><assemblyDetail><name>ARM_CASING_1 - SHEET_PLATE_2</name><part1 id="234d620c-b49e-4dd3-b293-796da6dc31c5">ARM_CASING_1</part1><part2 id="7a29b101-168d-4782-913d-2f22fce57215">SHEET_PLATE_2</part2><welded><length unit="mm">3315.35</length><jointType>Corner</jointType><twoSided>True</twoSided><weldType>Seam</weldType><weldPenetration>Full</weldPenetration><part1Thickness unit="mm">25.4</part1Thickness><part1Material>Steel</part1Material><part2Thickness unit="mm">25.4</part2Thickness><part2Material>Steel</part2Material></welded></assemblyDetail><assemblyDetail><name>ARM_CASING_1 - SHEET_PLATE_2</name><part1 id="234d620c-b49e-4dd3-b293-796da6dc31c5">ARM_CASING_1</part1><part2 id="e0d41a93-bb3f-4576-8b64-e0e41859f8ce">SHEET_PLATE_2</part2><welded><length unit="mm">3315.35</length><jointType>Corner</jointType><twoSided>True</twoSided><weldType>Seam</weldType><weldPenetration>Full</weldPenetration><part1Thickness unit="mm">25.4</part1Thickness><part1Material>Steel</part1Material><part2Thickness unit="mm">25.4</part2Thickness><part2Material>Steel</part2Material></welded></assemblyDetail><assemblyDetail><name>SHEET_PLATE_3 - SUPPORT_PLATE_1_3</name><part1 id="2c5179b7-f84b-4878-91cb-f724f672e48e">SHEET_PLATE_3</part1><part2 id="a6608db9-a23d-4d2e-8e5a-22d2902465dc">SUPPORT_PLATE_1_3</part2><welded><length unit="mm">890.829</length><jointType>Tee</jointType><twoSided>True</twoSided><weldType>Seam</weldType><weldPenetration>Full</weldPenetration><part1Thickness unit="mm">25.4</part1Thickness><part1Material>Steel</part1Material><part2Thickness unit="mm">25.4</part2Thickness><part2Material>Steel</part2Material></welded></assemblyDetail><assemblyDetail><name>SHEET_PLATE_3 - SUPPORT_PLATE_1_3</name><part1 id="3d5afc8e-239d-4f7c-8185-4c2950a6d254">SHEET_PLATE_3</part1><part2 id="a6608db9-a23d-4d2e-8e5a-22d2902465dc">SUPPORT_PLATE_1_3</part2><welded><length unit="mm">890.829</length><jointType>Tee</jointType><twoSided>True</twoSided><weldType>Seam</weldType><weldPenetration>Full</weldPenetration><part1Thickness unit="mm">25.4</part1Thickness><part1Material>Steel</part1Material><part2Thickness unit="mm">25.4</part2Thickness><part2Material>Steel</part2Material></welded></assemblyDetail><assemblyDetail><name>ARM_CASING_2 - SHEET_PLATE_3</name><part1 id="a5286a21-806c-4910-9340-1a3e6a1000c9">ARM_CASING_2</part1><part2 id="2c5179b7-f84b-4878-91cb-f724f672e48e">SHEET_PLATE_3</part2><welded><length unit="mm">931.6214</length><jointType>Corner</jointType><twoSided>True</twoSided><weldType>Seam</weldType><weldPenetration>Full</weldPenetration><part1Thickness unit="mm">25.4</part1Thickness><part1Material>Steel</part1Material><part2Thickness unit="mm">25.4</part2Thickness><part2Material>Steel</part2Material></welded></assemblyDetail><assemblyDetail><name>ARM_CASING_2 - SHEET_PLATE_3</name><part1 id="a5286a21-806c-4910-9340-1a3e6a1000c9">ARM_CASING_2</part1><part2 id="3d5afc8e-239d-4f7c-8185-4c2950a6d254">SHEET_PLATE_3</part2><welded><length unit="mm">931.6214</length><jointType>Corner</jointType><twoSided>True</twoSided><weldType>Seam</weldType><weldPenetration>Full</weldPenetration><part1Thickness unit="mm">25.4</part1Thickness><part1Material>Steel</part1Material><part2Thickness unit="mm">25.4</part2Thickness><part2Material>Steel</part2Material></welded></assemblyDetail><assemblyDetail><name>ARM_CASING_3 - SHEET_PLATE_3</name><part1 id="a8d02f03-83cf-499e-9c3f-f3c47f0f9a41">ARM_CASING_3</part1><part2 id="2c5179b7-f84b-4878-91cb-f724f672e48e">SHEET_PLATE_3</part2><welded><length unit="mm">1893.74</length><jointType>Corner</jointType><twoSided>True</twoSided><weldType>Seam</weldType><weldPenetration>Full</weldPenetration><part1Thickness unit="mm">25.4</part1Thickness><part1Material>Steel</part1Material><part2Thickness unit="mm">25.4</part2Thickness><part2Material>Steel</part2Material></welded></assemblyDetail><assemblyDetail><name>ARM_CASING_3 - SHEET_PLATE_3</name><part1 id="a8d02f03-83cf-499e-9c3f-f3c47f0f9a41">ARM_CASING_3</part1><part2 id="3d5afc8e-239d-4f7c-8185-4c2950a6d254">SHEET_PLATE_3</part2><welded><length unit="mm">1893.74</length><jointType>Corner</jointType><twoSided>True</twoSided><weldType>Seam</weldType><weldPenetration>Full</weldPenetration><part1Thickness unit="mm">25.4</part1Thickness><part1Material>Steel</part1Material><part2Thickness unit="mm">25.4</part2Thickness><part2Material>Steel</part2Material></welded></assemblyDetail><assemblyDetail><name>ARM_CASING_1 - SUPPORT_PLATE_1_2</name><part1 id="234d620c-b49e-4dd3-b293-796da6dc31c5">ARM_CASING_1</part1><part2 id="68eb1d41-03ce-40f4-ba10-acd8b4a2ffb2">SUPPORT_PLATE_1_2</part2><welded><length unit="mm">51.4681</length><jointType>Tee</jointType><twoSided>True</twoSided><weldType>Seam</weldType><weldPenetration>Full</weldPenetration><part1Thickness unit="mm">25.4</part1Thickness><part1Material>Steel</part1Material><part2Thickness unit="mm">25.4</part2Thickness><part2Material>Steel</part2Material></welded></assemblyDetail><assemblyDetail><name>ARM_CASING_2 - SUPPORT_PLATE_1_3</name><part1 id="a5286a21-806c-4910-9340-1a3e6a1000c9">ARM_CASING_2</part1><part2 id="a6608db9-a23d-4d2e-8e5a-22d2902465dc">SUPPORT_PLATE_1_3</part2><welded><length unit="mm">26.0681</length><jointType>Tee</jointType><twoSided>True</twoSided><weldType>Seam</weldType><weldPenetration>Full</weldPenetration><part1Thickness unit="mm">25.4</part1Thickness><part1Material>(Select One)</part1Material><part2Thickness unit="mm">25.4</part2Thickness><part2Material>(Select One)</part2Material></welded></assemblyDetail><assemblyDetail><name>ARM_CASING_3 - SUPPORT_PLATE_1_3</name><part1 id="a8d02f03-83cf-499e-9c3f-f3c47f0f9a41">ARM_CASING_3</part1><part2 id="a6608db9-a23d-4d2e-8e5a-22d2902465dc">SUPPORT_PLATE_1_3</part2><welded><length unit="mm">25.4</length><jointType>Tee</jointType><twoSided>True</twoSided><weldType>Seam</weldType><weldPenetration>Full</weldPenetration><part1Thickness unit="mm">25.4</part1Thickness><part1Material>(Select One)</part1Material><part2Thickness unit="mm">25.4</part2Thickness><part2Material>(Select One)</part2Material></welded></assemblyDetail><assemblyDetail><name>ARM_CASING_1 - ARM_CASING_2</name><part1 id="234d620c-b49e-4dd3-b293-796da6dc31c5">ARM_CASING_1</part1><part2 id="a5286a21-806c-4910-9340-1a3e6a1000c9">ARM_CASING_2</part2><welded><length unit="mm">550.8</length><jointType>Butt</jointType><twoSided>True</twoSided><weldType>Seam</weldType><weldPenetration>Full</weldPenetration><part1Thickness unit="mm">25.4</part1Thickness><part1Material>Steel</part1Material><part2Thickness unit="mm">25.4</part2Thickness><part2Material>Steel</part2Material></welded></assemblyDetail><assemblyDetail><name>ARM_CASING_1 - ARM_CASING_3</name><part1 id="234d620c-b49e-4dd3-b293-796da6dc31c5">ARM_CASING_1</part1><part2 id="a8d02f03-83cf-499e-9c3f-f3c47f0f9a41">ARM_CASING_3</part2><welded><length unit="mm">550.8</length><jointType>Butt</jointType><twoSided>True</twoSided><weldType>Seam</weldType><weldPenetration>Full</weldPenetration><part1Thickness unit="mm">25.4</part1Thickness><part1Material>Steel</part1Material><part2Thickness unit="mm">25.4</part2Thickness><part2Material>Steel</part2Material></welded></assemblyDetail><assemblyDetail><name>ARM_CASING_1 - BUCKET_CYLINDER_MOUNT</name><part1 id="234d620c-b49e-4dd3-b293-796da6dc31c5">ARM_CASING_1</part1><part2 id="d0a962f9-449d-4aed-8719-c964cb12551c">BUCKET_CYLINDER_MOUNT</part2><welded><length unit="mm">88.229</length><jointType>Tee</jointType><twoSided>True</twoSided><weldType>Seam</weldType><weldPenetration>Full</weldPenetration><part1Thickness unit="mm">0.0</part1Thickness><part1Material>Steel</part1Material><part2Thickness unit="mm">0.0</part2Thickness><part2Material>Steel</part2Material></welded></assemblyDetail><assemblyDetail><name>ARM_CASING_1 - BUCKET_CYLINDER_MOUNT</name><part1 id="234d620c-b49e-4dd3-b293-796da6dc31c5">ARM_CASING_1</part1><part2 id="1f6d2aa8-fe33-45c7-8fc6-eabd6ed5fccf">BUCKET_CYLINDER_MOUNT</part2><welded><length unit="mm">88.229</length><jointType>Tee</jointType><twoSided>True</twoSided><weldType>Seam</weldType><weldPenetration>Full</weldPenetration><part1Thickness unit="mm">0.0</part1Thickness><part1Material>Steel</part1Material><part2Thickness unit="mm">0.0</part2Thickness><part2Material>Steel</part2Material></welded></assemblyDetail><assemblyDetail><name>ARM_CASING_2 - ARM_CASING_3</name><part1 id="a5286a21-806c-4910-9340-1a3e6a1000c9">ARM_CASING_2</part1><part2 id="a8d02f03-83cf-499e-9c3f-f3c47f0f9a41">ARM_CASING_3</part2><welded><length unit="mm">550.8</length><jointType>Butt</jointType><twoSided>True</twoSided><weldType>Seam</weldType><weldPenetration>Full</weldPenetration><part1Thickness unit="mm">25.4</part1Thickness><part1Material>Steel</part1Material><part2Thickness unit="mm">25.4</part2Thickness><part2Material>Steel</part2Material></welded></assemblyDetail><assemblyDetail><name>ARM_CASING_2 - BUCKET_CYLINDER_MOUNT</name><part1 id="a5286a21-806c-4910-9340-1a3e6a1000c9">ARM_CASING_2</part1><part2 id="d0a962f9-449d-4aed-8719-c964cb12551c">BUCKET_CYLINDER_MOUNT</part2><welded><length unit="mm">411.771</length><jointType>Tee</jointType><twoSided>True</twoSided><weldType>Seam</weldType><weldPenetration>Full</weldPenetration><part1Thickness unit="mm">25.4</part1Thickness><part1Material>Steel</part1Material><part2Thickness unit="mm">25.4</part2Thickness><part2Material>Steel</part2Material></welded></assemblyDetail><assemblyDetail><name>ARM_CASING_2 - BUCKET_CYLINDER_MOUNT</name><part1 id="a5286a21-806c-4910-9340-1a3e6a1000c9">ARM_CASING_2</part1><part2 id="1f6d2aa8-fe33-45c7-8fc6-eabd6ed5fccf">BUCKET_CYLINDER_MOUNT</part2><welded><length unit="mm">411.771</length><jointType>Tee</jointType><twoSided>True</twoSided><weldType>Seam</weldType><weldPenetration>Full</weldPenetration><part1Thickness unit="mm">25.4</part1Thickness><part1Material>Steel</part1Material><part2Thickness unit="mm">25.4</part2Thickness><part2Material>Steel</part2Material></welded></assemblyDetail><assemblyDetail><name>ARM_CASING_3 - ARM_CYLINDER_MOUNT</name><part1 id="a8d02f03-83cf-499e-9c3f-f3c47f0f9a41">ARM_CASING_3</part1><part2 id="f18a82e9-107b-4a3d-99f2-10c0a6966e58">ARM_CYLINDER_MOUNT</part2><welded><length unit="mm">640.15</length><jointType>Tee</jointType><twoSided>True</twoSided><weldType>Seam</weldType><weldPenetration>Full</weldPenetration><part1Thickness unit="mm">25.4</part1Thickness><part1Material>Steel</part1Material><part2Thickness unit="mm">25.4</part2Thickness><part2Material>Steel</part2Material></welded></assemblyDetail><assemblyDetail><name>ARM_CASING_3 - ARM_CYLINDER_MOUNT</name><part1 id="a8d02f03-83cf-499e-9c3f-f3c47f0f9a41">ARM_CASING_3</part1><part2 id="b9b6ebb0-d215-4b11-aa78-c7c1a767afb1">ARM_CYLINDER_MOUNT</part2><welded><length unit="mm">640.15</length><jointType>Tee</jointType><twoSided>True</twoSided><weldType>Seam</weldType><weldPenetration>Full</weldPenetration><part1Thickness unit="mm">25.4</part1Thickness><part1Material>Steel</part1Material><part2Thickness unit="mm">25.4</part2Thickness><part2Material>Steel</part2Material></welded></assemblyDetail></assemblyDetails><specialDetails/><groups/></assembly></parts>